"","doi","relationType","relatedIdentifier","relatedIdentifierType"
"1","10.3886/e229601v1","IsSupplementTo","10.1257/0002828043052295","DOI"
"2","10.3886/e229581v1","IsSupplementTo","10.1257/0002828042002741","DOI"
"3","10.3886/e231606v1","IsSupplementTo","10.1257/pol.5.2.282","DOI"
"4","10.3886/e231605v1","IsSupplementTo","10.1257/pol.20180651","DOI"
"5","10.3886/e231604v1","IsSupplementTo","10.1257/pol.20180612","DOI"
"6","10.3886/e231603v1","IsSupplementTo","10.1257/pol.20180605","DOI"
"7","10.3886/e231602v1","IsSupplementTo","10.1257/pol.20180592","DOI"
"8","10.3886/e231601v1","IsSupplementTo","10.1257/pol.20180543","DOI"
"9","10.3886/e231598v1","IsSupplementTo","10.1257/pol.20180374","DOI"
"10","10.3886/e231597v1","IsSupplementTo","10.1257/pol.20180352","DOI"
"11","10.3886/e231596v1","IsSupplementTo","10.1257/pol.20180265","DOI"
"12","10.3886/e231595v1","IsSupplementTo","10.1257/pol.20180230","DOI"
"13","10.3886/e231594v1","IsSupplementTo","10.1257/pol.20180131","DOI"
"14","10.3886/e231593v1","IsSupplementTo","10.1257/pol.20180076","DOI"
"15","10.3886/e231592v1","IsSupplementTo","10.1257/pol.20180033","DOI"
"16","10.3886/e231591v1","IsSupplementTo","10.1257/pol.20180027","DOI"
"17","10.3886/e231590v1","IsSupplementTo","10.1257/pol.20170709","DOI"
"18","10.3886/e231589v1","IsSupplementTo","10.1257/pol.20170688","DOI"
"19","10.3886/e231588v1","IsSupplementTo","10.1257/pol.20170620","DOI"
"20","10.3886/e231587v1","IsSupplementTo","10.1257/pol.20170604","DOI"
"21","10.3886/e231586v1","IsSupplementTo","10.1257/pol.20170588","DOI"
"22","10.3886/e231585v1","IsSupplementTo","10.1257/pol.20170506","DOI"
"23","10.3886/e231584v1","IsSupplementTo","10.1257/pol.20170503","DOI"
"24","10.3886/e231583v1","IsSupplementTo","10.1257/pol.20170441","DOI"
"25","10.3886/e231582v1","IsSupplementTo","10.1257/pol.20170306","DOI"
"26","10.3886/e231581v1","IsSupplementTo","10.1257/pol.20170243","DOI"
"27","10.3886/e231580v1","IsSupplementTo","10.1257/pol.20170195","DOI"
"28","10.3886/e231579v1","IsSupplementTo","10.1257/pol.20170144","DOI"
"29","10.3886/e231578v1","IsSupplementTo","10.1257/pol.20170069","DOI"
"30","10.3886/e231577v1","IsSupplementTo","10.1257/pol.20170020","DOI"
"31","10.3886/e231576v1","IsSupplementTo","10.1257/pol.20160560","DOI"
"32","10.3886/e231575v1","IsSupplementTo","10.1257/pol.20160555","DOI"
"33","10.3886/e231574v1","IsSupplementTo","10.1257/pol.20160439","DOI"
"34","10.3886/e231573v1","IsSupplementTo","10.1257/pol.20160373","DOI"
"35","10.3886/e231572v1","IsSupplementTo","10.1257/pol.20160246","DOI"
"36","10.3886/e231571v1","IsSupplementTo","10.1257/pol.20160005","DOI"
"37","10.3886/e231570v1","IsSupplementTo","10.1257/pol.20150313","DOI"
"38","10.3886/e231569v1","IsSupplementTo","10.1257/pol.20150024","DOI"
"39","10.3886/e231568v1","IsSupplementTo","10.1257/pol.20140467","DOI"
"40","10.3886/e231567v1","IsSupplementTo","10.1257/pol.20140011","DOI"
"41","10.3886/e231566v1","IsSupplementTo","10.1257/pandp.20181073","DOI"
"42","10.3886/e231565v1","IsSupplementTo","10.1257/pandp.20181062","DOI"
"43","10.3886/e231564v1","IsSupplementTo","10.1257/mic.6.2.1","DOI"
"44","10.3886/e231563v1","IsSupplementTo","10.1257/mic.20180317","DOI"
"45","10.3886/e231562v1","IsSupplementTo","10.1257/mic.20180303","DOI"
"46","10.3886/e231561v1","IsSupplementTo","10.1257/mic.20180293","DOI"
"47","10.3886/e231560v1","IsSupplementTo","10.1257/mic.20180182","DOI"
"48","10.3886/e231559v1","IsSupplementTo","10.1257/mic.20180155","DOI"
"49","10.3886/e231558v1","IsSupplementTo","10.1257/mic.20180056","DOI"
"50","10.3886/e231557v1","IsSupplementTo","10.1257/mic.20180040","DOI"
"51","10.3886/e231556v1","IsSupplementTo","10.1257/mic.20170389","DOI"
"52","10.3886/e231555v1","IsSupplementTo","10.1257/mic.20170336","DOI"
"53","10.3886/e231554v1","IsSupplementTo","10.1257/mic.20170193","DOI"
"54","10.3886/e231553v1","IsSupplementTo","10.1257/mic.20170112","DOI"
"55","10.3886/e231551v1","IsSupplementTo","10.1257/mic.20140254","DOI"
"56","10.3886/e231550v1","IsSupplementTo","10.1257/mac.3.3.53","DOI"
"57","10.3886/e231552v1","IsSupplementTo","10.1257/mic.20150216","DOI"
"58","10.3886/e231549v1","IsSupplementTo","10.1257/mac.2.4.88","DOI"
"59","10.3886/e231548v1","IsSupplementTo","10.1257/mac.2.2.259","DOI"
"60","10.3886/e231547v1","IsSupplementTo","10.1257/mac.20180390","DOI"
"61","10.3886/e231546v1","IsSupplementTo","10.1257/mac.20180383","DOI"
"62","10.3886/e231545v1","IsSupplementTo","10.1257/mac.20180296","DOI"
"63","10.3886/e231544v1","IsSupplementTo","10.1257/mac.20180290","DOI"
"64","10.3886/e231543v1","IsSupplementTo","10.1257/mac.20180286","DOI"
"65","10.3886/e231542v1","IsSupplementTo","10.1257/mac.20180263","DOI"
"66","10.3886/e231541v1","IsSupplementTo","10.1257/mac.20180235","DOI"
"67","10.3886/e231540v1","IsSupplementTo","10.1257/mac.20180207","DOI"
"68","10.3886/e231539v1","IsSupplementTo","10.1257/mac.20180190","DOI"
"69","10.3886/e231538v1","IsSupplementTo","10.1257/mac.20180090","DOI"
"70","10.3886/e231537v1","IsSupplementTo","10.1257/mac.20170446","DOI"
"71","10.3886/e231536v1","IsSupplementTo","10.1257/mac.20170436","DOI"
"72","10.3886/e231535v1","IsSupplementTo","10.1257/mac.20170403","DOI"
"73","10.3886/e231534v1","IsSupplementTo","10.1257/mac.20170402","DOI"
"74","10.3886/e231533v1","IsSupplementTo","10.1257/mac.20170399","DOI"
"75","10.3886/e231532v1","IsSupplementTo","10.1257/mac.20170391","DOI"
"76","10.3886/e231531v1","IsSupplementTo","10.1257/mac.20170319","DOI"
"77","10.3886/e231530v1","IsSupplementTo","10.1257/mac.20170189","DOI"
"78","10.3886/e231529v1","IsSupplementTo","10.1257/mac.20170176","DOI"
"79","10.3886/e231528v1","IsSupplementTo","10.1257/mac.20170114","DOI"
"80","10.3886/e231527v1","IsSupplementTo","10.1257/mac.20170097","DOI"
"81","10.3886/e231526v1","IsSupplementTo","10.1257/mac.20170061","DOI"
"82","10.3886/e231525v1","IsSupplementTo","10.1257/mac.20170040","DOI"
"83","10.3886/e231524v1","IsSupplementTo","10.1257/mac.20160419","DOI"
"84","10.3886/e231523v1","IsSupplementTo","10.1257/mac.20160371","DOI"
"85","10.3886/e231510v1","IsSupplementTo","10.1257/mac.20160241","DOI"
"86","10.3886/e231507v1","IsSupplementTo","10.1257/mac.20160236","DOI"
"87","10.3886/e231506v1","IsSupplementTo","10.1257/mac.20160202","DOI"
"88","10.3886/e231505v1","IsSupplementTo","10.1257/mac.20160162","DOI"
"89","10.3886/e231504v1","IsSupplementTo","10.1257/mac.20160124","DOI"
"90","10.3886/e231503v1","IsSupplementTo","10.1257/mac.20160085","DOI"
"91","10.3886/e231501v1","IsSupplementTo","10.1257/mac.20160023","DOI"
"92","10.3886/e231500v1","IsSupplementTo","10.1257/mac.20130322","DOI"
"93","10.3886/e231498v1","IsSupplementTo","10.1257/jep.34.1.31","DOI"
"94","10.3886/e231499v1","IsSupplementTo","10.1257/jep.34.1.94","DOI"
"95","10.3886/e231497v1","IsSupplementTo","10.1257/jep.34.1.170","DOI"
"96","10.3886/e231496v1","IsSupplementTo","10.1257/jep.34.1.145","DOI"
"97","10.3886/e231495v1","IsSupplementTo","10.1257/jep.34.1.122","DOI"
"98","10.3886/e231494v1","IsSupplementTo","10.1257/jep.33.4.51","DOI"
"99","10.3886/e231491v1","IsSupplementTo","10.1257/jep.33.4.187","DOI"
"100","10.3886/e231488v1","IsSupplementTo","10.1257/jep.33.4.100","DOI"
"101","10.3886/e231487v1","IsSupplementTo","10.1257/jep.30.3.249","DOI"
"102","10.3886/e231486v1","IsSupplementTo","10.1257/jep.28.4.3","DOI"
"103","10.3886/e231485v1","IsSupplementTo","10.1257/app.5.3.63","DOI"
"104","10.3886/e231484v1","IsSupplementTo","10.1257/app.20190070","DOI"
"105","10.3886/e231483v1","IsSupplementTo","10.1257/app.20180698","DOI"
"106","10.3886/e231482v1","IsSupplementTo","10.1257/app.20180666","DOI"
"107","10.3886/e231481v1","IsSupplementTo","10.1257/app.20180574","DOI"
"108","10.3886/e231480v1","IsSupplementTo","10.1257/app.20180518","DOI"
"109","10.3886/e231479v1","IsSupplementTo","10.1257/app.20180438","DOI"
"110","10.3886/e231478v1","IsSupplementTo","10.1257/app.20180435","DOI"
"111","10.3886/e231477v1","IsSupplementTo","10.1257/app.20180426","DOI"
"112","10.3886/e231476v1","IsSupplementTo","10.1257/app.20180369","DOI"
"113","10.3886/e231475v1","IsSupplementTo","10.1257/app.20180361","DOI"
"114","10.3886/e231474v1","IsSupplementTo","10.1257/app.20180329","DOI"
"115","10.3886/e231473v1","IsSupplementTo","10.1257/app.20180306","DOI"
"116","10.3886/e231472v1","IsSupplementTo","10.1257/app.20180302","DOI"
"117","10.3886/e231471v1","IsSupplementTo","10.1257/app.20180256","DOI"
"118","10.3886/e231470v1","IsSupplementTo","10.1257/app.20180201","DOI"
"119","10.3886/e231469v1","IsSupplementTo","10.1257/app.20180192","DOI"
"120","10.3886/e231468v1","IsSupplementTo","10.1257/app.20180155","DOI"
"121","10.3886/e231467v1","IsSupplementTo","10.1257/app.20180138","DOI"
"122","10.3886/e231466v1","IsSupplementTo","10.1257/app.20180047","DOI"
"123","10.3886/e231465v1","IsSupplementTo","10.1257/app.20180036","DOI"
"124","10.3886/e231464v1","IsSupplementTo","10.1257/app.20180017","DOI"
"125","10.3886/e231463v1","IsSupplementTo","10.1257/app.20170778","DOI"
"126","10.3886/e231462v1","IsSupplementTo","10.1257/app.20170717","DOI"
"127","10.3886/e231461v1","IsSupplementTo","10.1257/app.20170690","DOI"
"128","10.3886/e231460v1","IsSupplementTo","10.1257/app.20170647","DOI"
"129","10.3886/e231459v1","IsSupplementTo","10.1257/app.20170599","DOI"
"130","10.3886/e231458v1","IsSupplementTo","10.1257/app.20170579","DOI"
"131","10.3886/e231457v1","IsSupplementTo","10.1257/app.20170574","DOI"
"132","10.3886/e231456v1","IsSupplementTo","10.1257/app.20170511","DOI"
"133","10.3886/e231455v1","IsSupplementTo","10.1257/app.20170505","DOI"
"134","10.3886/e231454v1","IsSupplementTo","10.1257/app.20170487","DOI"
"135","10.3886/e231453v1","IsSupplementTo","10.1257/app.20170482","DOI"
"136","10.3886/e231452v1","IsSupplementTo","10.1257/app.20170453","DOI"
"137","10.3886/e231451v1","IsSupplementTo","10.1257/app.20170416","DOI"
"138","10.3886/e231450v1","IsSupplementTo","10.1257/app.20170382","DOI"
"139","10.3886/e231449v1","IsSupplementTo","10.1257/app.20170231","DOI"
"140","10.3886/e231448v1","IsSupplementTo","10.1257/app.20170066","DOI"
"141","10.3886/e231446v1","IsSupplementTo","10.1257/app.20140473","DOI"
"142","10.3886/e231445v1","IsSupplementTo","10.1257/app.20140105","DOI"
"143","10.3886/e231444v1","IsSupplementTo","10.1257/aeri.20190097","DOI"
"144","10.3886/e231443v1","IsSupplementTo","10.1257/aeri.20190096","DOI"
"145","10.3886/e231442v1","IsSupplementTo","10.1257/aeri.20190079","DOI"
"146","10.3886/e231441v1","IsSupplementTo","10.1257/aeri.20190041","DOI"
"147","10.3886/e231440v1","IsSupplementTo","10.1257/aeri.20190023","DOI"
"148","10.3886/e231439v1","IsSupplementTo","10.1257/aeri.20180633","DOI"
"149","10.3886/e231438v1","IsSupplementTo","10.1257/aeri.20180582","DOI"
"150","10.3886/e231437v1","IsSupplementTo","10.1257/aeri.20180481","DOI"
"151","10.3886/e231435v1","IsSupplementTo","10.1257/aeri.20180432","DOI"
"152","10.3886/e231431v1","IsSupplementTo","10.1257/aeri.20180333","DOI"
"153","10.3886/e231434v1","IsSupplementTo","10.1257/aeri.20180399","DOI"
"154","10.3886/e231433v1","IsSupplementTo","10.1257/aeri.20180396","DOI"
"155","10.3886/e231432v1","IsSupplementTo","10.1257/aeri.20180383","DOI"
"156","10.3886/e231430v1","IsSupplementTo","10.1257/aeri.20180150","DOI"
"157","10.3886/e231428v1","IsSupplementTo","10.1257/aer.p20171053","DOI"
"158","10.3886/e231429v1","IsSupplementTo","10.1257/aeri.20180120","DOI"
"159","10.3886/e231427v1","IsSupplementTo","10.1257/aer.p20161116","DOI"
"160","10.3886/e231426v1","IsSupplementTo","10.1257/aer.98.1.394","DOI"
"161","10.3886/e231425v1","IsSupplementTo","10.1257/aer.97.5.1751","DOI"
"162","10.3886/e231424v1","IsSupplementTo","10.1257/aer.96.4.1043","DOI"
"163","10.3886/e231421v1","IsSupplementTo","10.1257/aer.20181480","DOI"
"164","10.3886/e231423v1","IsSupplementTo","10.1257/aer.20190789","DOI"
"165","10.3886/e231422v1","IsSupplementTo","10.1257/aer.20181714","DOI"
"166","10.3886/e231420v1","IsSupplementTo","10.1257/aer.20181446","DOI"
"167","10.3886/e231419v1","IsSupplementTo","10.1257/aer.20181164","DOI"
"168","10.3886/e231418v1","IsSupplementTo","10.1257/aer.20180976","DOI"
"169","10.3886/e231417v1","IsSupplementTo","10.1257/aer.20180946","DOI"
"170","10.3886/e231416v1","IsSupplementTo","10.1257/aer.20180888","DOI"
"171","10.3886/e231415v1","IsSupplementTo","10.1257/aer.20180771","DOI"
"172","10.3886/e231414v1","IsSupplementTo","10.1257/aer.20180728","DOI"
"173","10.3886/e231413v1","IsSupplementTo","10.1257/aer.20180654","DOI"
"174","10.3886/e231412v1","IsSupplementTo","10.1257/aer.20180608","DOI"
"175","10.3886/e231411v1","IsSupplementTo","10.1257/aer.20180279","DOI"
"176","10.3886/e231410v1","IsSupplementTo","10.1257/aer.20180277","DOI"
"177","10.3886/e231409v1","IsSupplementTo","10.1257/aer.20180174","DOI"
"178","10.3886/e231408v1","IsSupplementTo","10.1257/aer.20180098","DOI"
"179","10.3886/e231407v1","IsSupplementTo","10.1257/aer.20172015","DOI"
"180","10.3886/e231406v1","IsSupplementTo","10.1257/aer.20171400","DOI"
"181","10.3886/e231405v1","IsSupplementTo","10.1257/aer.20170866","DOI"
"182","10.3886/e231404v1","IsSupplementTo","10.1257/aer.20170581","DOI"
"183","10.3886/e231403v1","IsSupplementTo","10.1257/aer.20170263","DOI"
"184","10.3886/e231402v1","IsSupplementTo","10.1257/aer.20170156","DOI"
"185","10.3886/e231388v1","IsSupplementTo","10.1257/aer.20170045","DOI"
"186","10.3886/e231387v1","IsSupplementTo","10.1257/aer.20161925","DOI"
"187","10.3886/e231386v1","IsSupplementTo","10.1257/aer.20161720","DOI"
"188","10.3886/e231385v1","IsSupplementTo","10.1257/aer.20161471","DOI"
"189","10.3886/e231384v1","IsSupplementTo","10.1257/aer.20161457","DOI"
"190","10.3886/e231383v1","IsSupplementTo","10.1257/aer.20161218","DOI"
"191","10.3886/e231381v1","IsSupplementTo","10.1257/aer.20161214","DOI"
"192","10.3886/e231376v1","IsSupplementTo","10.1257/aer.20160042","DOI"
"193","10.3886/e231375v1","IsSupplementTo","10.1257/aer.20151655","DOI"
"194","10.3886/e231374v1","IsSupplementTo","10.1257/aer.20151507","DOI"
"195","10.3886/e231373v1","IsSupplementTo","10.1257/aer.20150796","DOI"
"196","10.3886/e231372v1","IsSupplementTo","10.1257/aer.20150443","DOI"
"197","10.3886/e231371v1","IsSupplementTo","10.1257/aer.20150342","DOI"
"198","10.3886/e231370v1","IsSupplementTo","10.1257/aer.20150237","DOI"
"199","10.3886/e231369v1","IsSupplementTo","10.1257/aer.20150210","DOI"
"200","10.3886/e231368v1","IsSupplementTo","10.1257/aer.20150183","DOI"
"201","10.3886/e231367v1","IsSupplementTo","10.1257/aer.20141772","DOI"
"202","10.3886/e231366v1","IsSupplementTo","10.1257/aer.20141529","DOI"
"203","10.3886/e231365v1","IsSupplementTo","10.1257/aer.20130957","DOI"
"204","10.3886/e231364v1","IsSupplementTo","10.1257/aer.20130470","DOI"
"205","10.3886/e231363v1","IsSupplementTo","10.1257/aer.20121186","DOI"
"206","10.3886/e231362v1","IsSupplementTo","10.1257/aer.20120549","DOI"
"207","10.3886/e231361v1","IsSupplementTo","10.1257/aer.20110683","DOI"
"208","10.3886/e231356v1","IsSupplementTo","10.1257/aer.20110035","DOI"
"209","10.3886/e231355v1","IsSupplementTo","10.1257/aer.20101199","DOI"
"210","10.3886/e231354v1","IsSupplementTo","10.1257/aer.104.7.2075","DOI"
"211","10.3886/e231353v1","IsSupplementTo","10.1257/aer.104.5.230","DOI"
"212","10.3886/e231352v1","IsSupplementTo","10.1257/aer.104.5.107","DOI"
"213","10.3886/e231351v1","IsSupplementTo","10.1257/aer.104.12.3885","DOI"
"214","10.3886/e231350v1","IsSupplementTo","10.1257/aer.104.10.3073","DOI"
"215","10.3886/e231349v1","IsSupplementTo","10.1257/aer.103.3.178","DOI"
"216","10.3886/e231348v1","IsSupplementTo","10.1257/aer.102.5.2147","DOI"
"217","10.3886/e231347v1","IsSupplementTo","10.1257/aer.102.5.1857","DOI"
"218","10.3886/e231346v1","IsSupplementTo","10.1257/aer.101.7.3308","DOI"
"219","10.3886/e231345v1","IsSupplementTo","10.1257/aer.101.5.2108","DOI"
"220","10.3886/e231344v1","IsSupplementTo","10.1257/aer.101.2.664","DOI"
"221","10.3886/e231343v1","IsSupplementTo","10.1257/aer.101.1.158","DOI"
"222","10.3886/e231342v1","IsSupplementTo","10.1257/aer.100.5.2031","DOI"
"223","10.3886/e231341v1","IsSupplementTo","10.1257/aer.100.4.1493","DOI"
"224","10.3886/e231304v1","IsSupplementTo","10.1257/0002828054201251","DOI"
"225","10.3886/e229601v2","IsSupplementTo","10.1257/0002828043052295","DOI"
"226","10.3886/e229581v2","IsSupplementTo","10.1257/0002828042002741","DOI"
