"","doi","n_software"
"1","10.1257/aer.20140389",7
"2","10.1257/aer.102.1.428",6
"3","10.1257/aer.104.1.149",6
"4","10.1257/aer.20131118",6
"5","10.1257/aer.103.4.1398",5
"6","10.1257/aer.103.5.1697",5
"7","10.1257/aer.20120283",5
"8","10.1257/aer.20121662",5
"9","10.1257/aer.20140015",5
"10","10.1257/aer.20150993",5
"11","10.1257/aer.20151425",5
"12","10.1257/aer.99.1.146",5
"13","10.1257/mac.20170294",5
"14","10.1257/mic.6.4.407",5
"15","10.1257/pandp.20181031",5
"16","10.1257/aer.100.4.1572",4
"17","10.1257/aer.101.6.2754",4
"18","10.1257/aer.104.11.3668",4
"19","10.1257/aer.104.3.868",4
"20","10.1257/aer.20121437",4
"21","10.1257/aer.20140412",4
"22","10.1257/aer.20141685",4
"23","10.1257/aer.20141751",4
"24","10.1257/aer.20150742",4
"25","10.1257/aer.20151260",4
"26","10.1257/aer.20151485",4
"27","10.1257/mac.1.2.29",4
"28","10.1257/mac.2.4.53",4
"29","10.1257/mac.20150175",4
"30","10.1257/mac.6.1.162",4
"31","10.1257/mic.20170130",4
"32","10.1257/mic.6.4.35",4
"33","10.1257/pol.20130361",4
"34","10.1257/pol.20160035",4
"35","10.1257/aer.100.4.1778",3
"36","10.1257/aer.101.4.1312",3
"37","10.1257/aer.101.6.2391",3
"38","10.1257/aer.101.6.2530",3
"39","10.1257/aer.102.2.1062",3
"40","10.1257/aer.102.5.1773",3
"41","10.1257/aer.102.7.3277",3
"42","10.1257/aer.103.2.897",3
"43","10.1257/aer.103.4.1109",3
"44","10.1257/aer.103.4.1360",3
"45","10.1257/aer.103.6.2633",3
"46","10.1257/aer.104.1.1",3
"47","10.1257/aer.104.11.3529",3
"48","10.1257/aer.104.5.481",3
"49","10.1257/aer.104.5.501",3
"50","10.1257/aer.104.7.2127",3
"51","10.1257/aer.15000001",3
"52","10.1257/aer.20121524",3
"53","10.1257/aer.20121637",3
"54","10.1257/aer.20130249",3
"55","10.1257/aer.20131006",3
"56","10.1257/aer.20140260",3
"57","10.1257/aer.20140500",3
"58","10.1257/aer.20140647",3
"59","10.1257/aer.20141482",3
"60","10.1257/aer.20141707",3
"61","10.1257/aer.20141708",3
"62","10.1257/aer.20150248",3
"63","10.1257/aer.20151052",3
"64","10.1257/aer.20151182",3
"65","10.1257/aer.20160137",3
"66","10.1257/aer.20160812",3
"67","10.1257/aer.20161014",3
"68","10.1257/aer.20161434",3
"69","10.1257/aer.20161488",3
"70","10.1257/aer.20180281",3
"71","10.1257/aer.97.5.1667",3
"72","10.1257/aer.98.1.237",3
"73","10.1257/aer.p20151044",3
"74","10.1257/aer.p20171017",3
"75","10.1257/app.20130423",3
"76","10.1257/app.20140405",3
"77","10.1257/app.20160232",3
"78","10.1257/app.4.4.57",3
"79","10.1257/jel.20161417",3
"80","10.1257/jel.54.1.193",3
"81","10.1257/jep.31.3.175",3
"82","10.1257/mac.2.1.169",3
"83","10.1257/mac.2.1.43",3
"84","10.1257/mac.20130011",3
"85","10.1257/mac.20130156",3
"86","10.1257/mac.20140097",3
"87","10.1257/mac.20140116",3
"88","10.1257/mac.20160307",3
"89","10.1257/mac.20160312",3
"90","10.1257/mac.3.1.128",3
"91","10.1257/mac.4.1.22",3
"92","10.1257/mac.4.4.163",3
"93","10.1257/mac.6.3.184",3
"94","10.1257/mac.6.4.84",3
"95","10.1257/mic.20150256",3
"96","10.1257/mic.20160220",3
"97","10.1257/mic.5.2.33",3
"98","10.1257/pandp.20181013",3
"99","10.1257/pandp.20181049",3
"100","10.1257/pandp.20181077",3
"101","10.1257/pandp.20191064",3
"102","10.1257/pol.20150168",3
"103","10.1257/pol.20150237",3
"104","10.1257/pol.20160355",3
"105","10.1257/pol.6.3.1",3
"106","10.1257/0002828043052358",2
"107","10.1257/0002828053828455",2
"108","10.1257/0002828054201323",2
"109","10.1257/0002828054825484",2
"110","10.1257/aer.100.1.364",2
"111","10.1257/aer.100.2.532",2
"112","10.1257/aer.100.3.1046",2
"113","10.1257/aer.100.3.1104",2
"114","10.1257/aer.100.3.1214",2
"115","10.1257/aer.100.3.691",2
"116","10.1257/aer.100.3.984",2
"117","10.1257/aer.100.4.1860",2
"118","10.1257/aer.101.1.263",2
"119","10.1257/aer.101.1.341",2
"120","10.1257/aer.101.1.371",2
"121","10.1257/aer.101.1.411",2
"122","10.1257/aer.101.2.591",2
"123","10.1257/aer.101.4.1180",2
"124","10.1257/aer.101.4.1238",2
"125","10.1257/aer.101.4.1410",2
"126","10.1257/aer.101.4.1616",2
"127","10.1257/aer.101.5.1775",2
"128","10.1257/aer.101.5.2205",2
"129","10.1257/aer.101.6.2823",2
"130","10.1257/aer.101.7.2923",2
"131","10.1257/aer.101.7.2980",2
"132","10.1257/aer.101.7.3019",2
"133","10.1257/aer.101.7.3130",2
"134","10.1257/aer.101.7.3400",2
"135","10.1257/aer.102.1.238",2
"136","10.1257/aer.102.1.272",2
"137","10.1257/aer.102.1.364",2
"138","10.1257/aer.102.1.469",2
"139","10.1257/aer.102.1.613",2
"140","10.1257/aer.102.2.643",2
"141","10.1257/aer.102.2.686",2
"142","10.1257/aer.102.2.720",2
"143","10.1257/aer.102.2.884",2
"144","10.1257/aer.102.4.1241",2
"145","10.1257/aer.102.4.1571",2
"146","10.1257/aer.102.4.1619",2
"147","10.1257/aer.102.4.1692",2
"148","10.1257/aer.102.5.1898",2
"149","10.1257/aer.102.5.2237",2
"150","10.1257/aer.102.6.2472",2
"151","10.1257/aer.102.6.2674",2
"152","10.1257/aer.102.6.2700",2
"153","10.1257/aer.102.6.2798",2
"154","10.1257/aer.102.6.2955",2
"155","10.1257/aer.102.7.3214",2
"156","10.1257/aer.102.7.3516",2
"157","10.1257/aer.103.1.145",2
"158","10.1257/aer.103.1.178",2
"159","10.1257/aer.103.1.378",2
"160","10.1257/aer.103.1.472",2
"161","10.1257/aer.103.2.1054",2
"162","10.1257/aer.103.2.771",2
"163","10.1257/aer.103.2.831",2
"164","10.1257/aer.103.2.948",2
"165","10.1257/aer.103.3.412",2
"166","10.1257/aer.103.5.1664",2
"167","10.1257/aer.103.5.1797",2
"168","10.1257/aer.103.5.1830",2
"169","10.1257/aer.103.5.1862",2
"170","10.1257/aer.103.6.2052",2
"171","10.1257/aer.103.6.2169",2
"172","10.1257/aer.103.6.2296",2
"173","10.1257/aer.103.7.2960",2
"174","10.1257/aer.103.7.3022",2
"175","10.1257/aer.103.7.3045",2
"176","10.1257/aer.104.1.27",2
"177","10.1257/aer.104.10.3365",2
"178","10.1257/aer.104.11.3600",2
"179","10.1257/aer.104.12.3841",2
"180","10.1257/aer.104.12.3956",2
"181","10.1257/aer.104.12.3991",2
"182","10.1257/aer.104.12.4071",2
"183","10.1257/aer.104.2.422",2
"184","10.1257/aer.104.2.459",2
"185","10.1257/aer.104.3.753",2
"186","10.1257/aer.104.3.931",2
"187","10.1257/aer.104.4.1120",2
"188","10.1257/aer.104.4.1172",2
"189","10.1257/aer.104.4.1211",2
"190","10.1257/aer.104.4.1288",2
"191","10.1257/aer.104.4.1446",2
"192","10.1257/aer.104.4.1461",2
"193","10.1257/aer.104.5.177",2
"194","10.1257/aer.104.5.310",2
"195","10.1257/aer.104.5.348",2
"196","10.1257/aer.104.6.1597",2
"197","10.1257/aer.104.6.1735",2
"198","10.1257/aer.104.6.1806",2
"199","10.1257/aer.104.7.2152",2
"200","10.1257/aer.104.8.2267",2
"201","10.1257/aer.104.8.2482",2
"202","10.1257/aer.104.8.2527",2
"203","10.1257/aer.104.8.2567",2
"204","10.1257/aer.104.9.2736",2
"205","10.1257/aer.104.9.2872",2
"206","10.1257/aer.20101557",2
"207","10.1257/aer.20110236",2
"208","10.1257/aer.20110457",2
"209","10.1257/aer.20111559",2
"210","10.1257/aer.20120578",2
"211","10.1257/aer.20120599",2
"212","10.1257/aer.20120651",2
"213","10.1257/aer.20120737",2
"214","10.1257/aer.20120926",2
"215","10.1257/aer.20121036",2
"216","10.1257/aer.20121110",2
"217","10.1257/aer.20121236",2
"218","10.1257/aer.20121365",2
"219","10.1257/aer.20121532",2
"220","10.1257/aer.20121546",2
"221","10.1257/aer.20130090",2
"222","10.1257/aer.20130223",2
"223","10.1257/aer.20130393",2
"224","10.1257/aer.20130479",2
"225","10.1257/aer.20130549",2
"226","10.1257/aer.20130778",2
"227","10.1257/aer.20130824",2
"228","10.1257/aer.20130932",2
"229","10.1257/aer.20130935",2
"230","10.1257/aer.20131026",2
"231","10.1257/aer.20131032",2
"232","10.1257/aer.20131063",2
"233","10.1257/aer.20131193",2
"234","10.1257/aer.20131296",2
"235","10.1257/aer.20131377",2
"236","10.1257/aer.20131461",2
"237","10.1257/aer.20131496",2
"238","10.1257/aer.20131513",2
"239","10.1257/aer.20131702",2
"240","10.1257/aer.20131706",2
"241","10.1257/aer.20140044",2
"242","10.1257/aer.20140202",2
"243","10.1257/aer.20140308",2
"244","10.1257/aer.20140443",2
"245","10.1257/aer.20140466",2
"246","10.1257/aer.20140806",2
"247","10.1257/aer.20140913",2
"248","10.1257/aer.20141123",2
"249","10.1257/aer.20141287",2
"250","10.1257/aer.20141300",2
"251","10.1257/aer.20141346",2
"252","10.1257/aer.20141419",2
"253","10.1257/aer.20141449",2
"254","10.1257/aer.20141743",2
"255","10.1257/aer.20141745",2
"256","10.1257/aer.20150063",2
"257","10.1257/aer.20150143",2
"258","10.1257/aer.20150154",2
"259","10.1257/aer.20150343",2
"260","10.1257/aer.20150361",2
"261","10.1257/aer.20150487",2
"262","10.1257/aer.20150540",2
"263","10.1257/aer.20150566",2
"264","10.1257/aer.20150811",2
"265","10.1257/aer.20150891",2
"266","10.1257/aer.20150897",2
"267","10.1257/aer.20150956",2
"268","10.1257/aer.20151045",2
"269","10.1257/aer.20151057",2
"270","10.1257/aer.20151086",2
"271","10.1257/aer.20151129",2
"272","10.1257/aer.20151272",2
"273","10.1257/aer.20151317",2
"274","10.1257/aer.20151422",2
"275","10.1257/aer.20151606",2
"276","10.1257/aer.20151684",2
"277","10.1257/aer.20160091",2
"278","10.1257/aer.20160131",2
"279","10.1257/aer.20160251",2
"280","10.1257/aer.20160425",2
"281","10.1257/aer.20160600",2
"282","10.1257/aer.20160675",2
"283","10.1257/aer.20160816",2
"284","10.1257/aer.20160863",2
"285","10.1257/aer.20160921",2
"286","10.1257/aer.20161420",2
"287","10.1257/aer.20170092",2
"288","10.1257/aer.20170792",2
"289","10.1257/aer.20171218",2
"290","10.1257/aer.20172020",2
"291","10.1257/aer.20180325",2
"292","10.1257/aer.97.3.828",2
"293","10.1257/aer.97.5.1583",2
"294","10.1257/aer.97.5.2026",2
"295","10.1257/aer.98.3.642",2
"296","10.1257/aer.98.3.690",2
"297","10.1257/aer.98.4.1397",2
"298","10.1257/aer.98.4.1517",2
"299","10.1257/aer.98.4.1692",2
"300","10.1257/aer.98.5.1766",2
"301","10.1257/aer.98.5.1887",2
"302","10.1257/aer.98.5.1943",2
"303","10.1257/aer.98.5.2221",2
"304","10.1257/aer.98.5.2242",2
"305","10.1257/aer.99.1.324",2
"306","10.1257/aer.99.1.393",2
"307","10.1257/aer.99.1.85",2
"308","10.1257/aer.99.3.667",2
"309","10.1257/aer.99.4.1309",2
"310","10.1257/aer.99.4.1356",2
"311","10.1257/aer.99.4.1384",2
"312","10.1257/aer.99.5.1954",2
"313","10.1257/aer.99.5.2050",2
"314","10.1257/aer.p20151021",2
"315","10.1257/aer.p20151031",2
"316","10.1257/aer.p20151122",2
"317","10.1257/aer.p20161052",2
"318","10.1257/aer.p20161080",2
"319","10.1257/aer.p20161110",2
"320","10.1257/aer.p20171000",2
"321","10.1257/aer.p20171012",2
"322","10.1257/aer.p20171028",2
"323","10.1257/aer.p20171063",2
"324","10.1257/aer.p20171075",2
"325","10.1257/app.1.1.112",2
"326","10.1257/app.1.1.164",2
"327","10.1257/app.1.1.49",2
"328","10.1257/app.1.4.34",2
"329","10.1257/app.1.4.85",2
"330","10.1257/app.2.1.116",2
"331","10.1257/app.2.4.150",2
"332","10.1257/app.20130034",2
"333","10.1257/app.20130104",2
"334","10.1257/app.20130401",2
"335","10.1257/app.20140184",2
"336","10.1257/app.20140404",2
"337","10.1257/app.20150044",2
"338","10.1257/app.20150114",2
"339","10.1257/app.20150131",2
"340","10.1257/app.20150554",2
"341","10.1257/app.20150581",2
"342","10.1257/app.20160004",2
"343","10.1257/app.20160140",2
"344","10.1257/app.20160278",2
"345","10.1257/app.20160567",2
"346","10.1257/app.20160618",2
"347","10.1257/app.20170117",2
"348","10.1257/app.20170295",2
"349","10.1257/app.20170328",2
"350","10.1257/app.3.1.152",2
"351","10.1257/app.3.1.189",2
"352","10.1257/app.3.2.96",2
"353","10.1257/app.4.1.49",2
"354","10.1257/app.4.2.36",2
"355","10.1257/app.4.3.138",2
"356","10.1257/app.4.4.226",2
"357","10.1257/app.5.1.136",2
"358","10.1257/app.5.4.165",2
"359","10.1257/app.6.1.1",2
"360","10.1257/app.6.3.1",2
"361","10.1257/app.6.3.133",2
"362","10.1257/app.6.4.226",2
"363","10.1257/app.6.4.66",2
"364","10.1257/jep.28.2.99",2
"365","10.1257/jep.28.3.149",2
"366","10.1257/jep.28.3.3",2
"367","10.1257/jep.28.4.49",2
"368","10.1257/jep.29.2.123",2
"369","10.1257/jep.29.2.81",2
"370","10.1257/jep.30.4.31",2
"371","10.1257/jep.31.1.93",2
"372","10.1257/jep.31.2.211",2
"373","10.1257/jep.31.4.103",2
"374","10.1257/jep.32.3.3",2
"375","10.1257/jep.32.3.59",2
"376","10.1257/mac.1.1.219",2
"377","10.1257/mac.2.1.131",2
"378","10.1257/mac.2.3.183",2
"379","10.1257/mac.2.4.247",2
"380","10.1257/mac.20120155",2
"381","10.1257/mac.20120163",2
"382","10.1257/mac.20120197",2
"383","10.1257/mac.20120257",2
"384","10.1257/mac.20130057",2
"385","10.1257/mac.20130105",2
"386","10.1257/mac.20130108",2
"387","10.1257/mac.20130139",2
"388","10.1257/mac.20130176",2
"389","10.1257/mac.20130231",2
"390","10.1257/mac.20130267",2
"391","10.1257/mac.20140064",2
"392","10.1257/mac.20140181",2
"393","10.1257/mac.20140234",2
"394","10.1257/mac.20140253",2
"395","10.1257/mac.20140337",2
"396","10.1257/mac.20150097",2
"397","10.1257/mac.20150179",2
"398","10.1257/mac.20150245",2
"399","10.1257/mac.20150253",2
"400","10.1257/mac.20160136",2
"401","10.1257/mac.20160211",2
"402","10.1257/mac.20160220",2
"403","10.1257/mac.20160244",2
"404","10.1257/mac.20160250",2
"405","10.1257/mac.20160298",2
"406","10.1257/mac.20160353",2
"407","10.1257/mac.20160426",2
"408","10.1257/mac.20170080",2
"409","10.1257/mac.20170131",2
"410","10.1257/mac.20170291",2
"411","10.1257/mac.20170390",2
"412","10.1257/mac.3.1.60",2
"413","10.1257/mac.3.1.91",2
"414","10.1257/mac.3.2.104",2
"415","10.1257/mac.3.3.159",2
"416","10.1257/mac.4.3.128",2
"417","10.1257/mac.4.4.1",2
"418","10.1257/mac.4.4.126",2
"419","10.1257/mac.4.4.36",2
"420","10.1257/mac.5.2.118",2
"421","10.1257/mac.5.2.72",2
"422","10.1257/mac.5.3.35",2
"423","10.1257/mac.6.1.134",2
"424","10.1257/mac.6.1.70",2
"425","10.1257/mac.6.2.108",2
"426","10.1257/mac.6.2.137",2
"427","10.1257/mac.6.3.102",2
"428","10.1257/mac.6.3.29",2
"429","10.1257/mac.6.4.209",2
"430","10.1257/mac.6.4.39",2
"431","10.1257/mic.1.1.53",2
"432","10.1257/mic.2.1.183",2
"433","10.1257/mic.2.3.1",2
"434","10.1257/mic.20100119",2
"435","10.1257/mic.20110106",2
"436","10.1257/mic.20130254",2
"437","10.1257/mic.20140167",2
"438","10.1257/mic.20150070",2
"439","10.1257/mic.20150080",2
"440","10.1257/mic.20150168",2
"441","10.1257/mic.20150343",2
"442","10.1257/mic.20160304",2
"443","10.1257/mic.20160382",2
"444","10.1257/mic.20170039",2
"445","10.1257/mic.20170077",2
"446","10.1257/mic.3.2.221",2
"447","10.1257/mic.3.3.1",2
"448","10.1257/mic.4.3.96",2
"449","10.1257/mic.5.1.100",2
"450","10.1257/mic.5.3.157",2
"451","10.1257/mic.5.3.97",2
"452","10.1257/mic.5.4.244",2
"453","10.1257/mic.6.3.136",2
"454","10.1257/pandp.20181007",2
"455","10.1257/pandp.20181048",2
"456","10.1257/pandp.20181060",2
"457","10.1257/pandp.20181075",2
"458","10.1257/pandp.20181095",2
"459","10.1257/pandp.20181101",2
"460","10.1257/pandp.20191024",2
"461","10.1257/pandp.20191071",2
"462","10.1257/pandp.20191074",2
"463","10.1257/pandp.20191095",2
"464","10.1257/pol.20130025",2
"465","10.1257/pol.20130102",2
"466","10.1257/pol.20130134",2
"467","10.1257/pol.20130268",2
"468","10.1257/pol.20130292",2
"469","10.1257/pol.20130327",2
"470","10.1257/pol.20130330",2
"471","10.1257/pol.20130399",2
"472","10.1257/pol.20140204",2
"473","10.1257/pol.20140211",2
"474","10.1257/pol.20150004",2
"475","10.1257/pol.20150235",2
"476","10.1257/pol.20150297",2
"477","10.1257/pol.20150299",2
"478","10.1257/pol.20150421",2
"479","10.1257/pol.20160014",2
"480","10.1257/pol.20160060",2
"481","10.1257/pol.20160076",2
"482","10.1257/pol.20160078",2
"483","10.1257/pol.20160384",2
"484","10.1257/pol.20160462",2
"485","10.1257/pol.20170014",2
"486","10.1257/pol.20170499",2
"487","10.1257/pol.3.1.1",2
"488","10.1257/pol.3.1.91",2
"489","10.1257/pol.3.3.113",2
"490","10.1257/pol.3.4.77",2
"491","10.1257/pol.4.1.1",2
"492","10.1257/pol.4.2.1",2
"493","10.1257/pol.4.3.56",2
"494","10.1257/pol.4.4.41",2
"495","10.1257/pol.5.1.32",2
"496","10.1257/pol.5.1.59",2
"497","10.1257/pol.5.2.148",2
"498","10.1257/pol.5.2.77",2
"499","10.1257/pol.5.3.30",2
"500","10.1257/pol.5.3.320",2
"501","10.1257/pol.6.2.258",2
"502","10.1257/pol.6.4.271",2
"503","10.1257/0002828042002516",1
"504","10.1257/0002828043052196",1
"505","10.1257/0002828053828446",1
"506","10.1257/0002828053828509",1
"507","10.1257/0002828053828635",1
"508","10.1257/0002828053828671",1
"509","10.1257/0002828054201242",1
"510","10.1257/0002828054201314",1
"511","10.1257/0002828054201378",1
"512","10.1257/0002828054201468",1
"513","10.1257/0002828054825583",1
"514","10.1257/000282805774669664",1
"515","10.1257/000282805774670347",1
"516","10.1257/aer.100.1.130",1
"517","10.1257/aer.100.1.164",1
"518","10.1257/aer.100.1.193",1
"519","10.1257/aer.100.1.214",1
"520","10.1257/aer.100.1.247",1
"521","10.1257/aer.100.1.304",1
"522","10.1257/aer.100.1.337",1
"523","10.1257/aer.100.1.35",1
"524","10.1257/aer.100.1.420",1
"525","10.1257/aer.100.1.491",1
"526","10.1257/aer.100.1.504",1
"527","10.1257/aer.100.1.518",1
"528","10.1257/aer.100.1.541",1
"529","10.1257/aer.100.1.557",1
"530","10.1257/aer.100.1.572",1
"531","10.1257/aer.100.1.590",1
"532","10.1257/aer.100.1.70",1
"533","10.1257/aer.100.1.98",1
"534","10.1257/aer.100.2.125",1
"535","10.1257/aer.100.2.277",1
"536","10.1257/aer.100.2.30",1
"537","10.1257/aer.100.2.321",1
"538","10.1257/aer.100.3.1008",1
"539","10.1257/aer.100.3.1163",1
"540","10.1257/aer.100.3.1195",1
"541","10.1257/aer.100.3.1238",1
"542","10.1257/aer.100.3.1277",1
"543","10.1257/aer.100.3.1283",1
"544","10.1257/aer.100.3.724",1
"545","10.1257/aer.100.3.763",1
"546","10.1257/aer.100.3.837",1
"547","10.1257/aer.100.3.870",1
"548","10.1257/aer.100.3.905",1
"549","10.1257/aer.100.3.958",1
"550","10.1257/aer.100.4.1330",1
"551","10.1257/aer.100.4.1358",1
"552","10.1257/aer.100.4.1399",1
"553","10.1257/aer.100.4.1432",1
"554","10.1257/aer.100.4.1673",1
"555","10.1257/aer.100.4.1725",1
"556","10.1257/aer.100.4.1759",1
"557","10.1257/aer.100.4.1804",1
"558","10.1257/aer.100.4.1826",1
"559","10.1257/aer.100.4.1847",1
"560","10.1257/aer.100.4.1892",1
"561","10.1257/aer.100.4.1913",1
"562","10.1257/aer.100.5.1941",1
"563","10.1257/aer.100.5.1967",1
"564","10.1257/aer.100.5.1999",1
"565","10.1257/aer.100.5.2060",1
"566","10.1257/aer.100.5.2093",1
"567","10.1257/aer.100.5.2125",1
"568","10.1257/aer.100.5.2157",1
"569","10.1257/aer.100.5.2187",1
"570","10.1257/aer.100.5.2205",1
"571","10.1257/aer.100.5.2261",1
"572","10.1257/aer.100.5.2340",1
"573","10.1257/aer.100.5.2383",1
"574","10.1257/aer.100.5.2414",1
"575","10.1257/aer.100.5.2478",1
"576","10.1257/aer.100.5.2492",1
"577","10.1257/aer.100.5.2510",1
"578","10.1257/aer.101.1.109",1
"579","10.1257/aer.101.1.196",1
"580","10.1257/aer.101.1.234",1
"581","10.1257/aer.101.1.304",1
"582","10.1257/aer.101.2.1012",1
"583","10.1257/aer.101.2.1029",1
"584","10.1257/aer.101.2.431",1
"585","10.1257/aer.101.2.470",1
"586","10.1257/aer.101.2.493",1
"587","10.1257/aer.101.2.526",1
"588","10.1257/aer.101.2.556",1
"589","10.1257/aer.101.2.695",1
"590","10.1257/aer.101.2.749",1
"591","10.1257/aer.101.2.819",1
"592","10.1257/aer.101.2.844",1
"593","10.1257/aer.101.2.877",1
"594","10.1257/aer.101.2.900",1
"595","10.1257/aer.101.2.927",1
"596","10.1257/aer.101.2.948",1
"597","10.1257/aer.101.2.975",1
"598","10.1257/aer.101.2.991",1
"599","10.1257/aer.101.3.298",1
"600","10.1257/aer.101.3.303",1
"601","10.1257/aer.101.3.532",1
"602","10.1257/aer.101.3.582",1
"603","10.1257/aer.101.3.65",1
"604","10.1257/aer.101.3.88",1
"605","10.1257/aer.101.4.1106",1
"606","10.1257/aer.101.4.1144",1
"607","10.1257/aer.101.4.1211",1
"608","10.1257/aer.101.4.1274",1
"609","10.1257/aer.101.4.1375",1
"610","10.1257/aer.101.4.1436",1
"611","10.1257/aer.101.4.1467",1
"612","10.1257/aer.101.4.1497",1
"613","10.1257/aer.101.4.1514",1
"614","10.1257/aer.101.4.1535",1
"615","10.1257/aer.101.4.1601",1
"616","10.1257/aer.101.4.1629",1
"617","10.1257/aer.101.5.1649",1
"618","10.1257/aer.101.5.1676",1
"619","10.1257/aer.101.5.1707",1
"620","10.1257/aer.101.5.1739",1
"621","10.1257/aer.101.5.1842",1
"622","10.1257/aer.101.5.1872",1
"623","10.1257/aer.101.5.1912",1
"624","10.1257/aer.101.5.1933",1
"625","10.1257/aer.101.5.1964",1
"626","10.1257/aer.101.5.2003",1
"627","10.1257/aer.101.5.2081",1
"628","10.1257/aer.101.5.2157",1
"629","10.1257/aer.101.6.2309",1
"630","10.1257/aer.101.6.2350",1
"631","10.1257/aer.101.6.2450",1
"632","10.1257/aer.101.6.2562",1
"633","10.1257/aer.101.6.2616",1
"634","10.1257/aer.101.6.2653",1
"635","10.1257/aer.101.6.2687",1
"636","10.1257/aer.101.6.2723",1
"637","10.1257/aer.101.6.2782",1
"638","10.1257/aer.101.6.2844",1
"639","10.1257/aer.101.7.3078",1
"640","10.1257/aer.101.7.3109",1
"641","10.1257/aer.101.7.3162",1
"642","10.1257/aer.101.7.3196",1
"643","10.1257/aer.101.7.3221",1
"644","10.1257/aer.101.7.3253",1
"645","10.1257/aer.101.7.3286",1
"646","10.1257/aer.101.7.3330",1
"647","10.1257/aer.101.7.3368",1
"648","10.1257/aer.101.7.3427",1
"649","10.1257/aer.101.7.3440",1
"650","10.1257/aer.101.7.3456",1
"651","10.1257/aer.101.7.3477",1
"652","10.1257/aer.102.1.131",1
"653","10.1257/aer.102.1.167",1
"654","10.1257/aer.102.1.202",1
"655","10.1257/aer.102.1.305",1
"656","10.1257/aer.102.1.337",1
"657","10.1257/aer.102.1.396",1
"658","10.1257/aer.102.1.504",1
"659","10.1257/aer.102.1.524",1
"660","10.1257/aer.102.1.556",1
"661","10.1257/aer.102.1.608",1
"662","10.1257/aer.102.2.1029",1
"663","10.1257/aer.102.2.1093",1
"664","10.1257/aer.102.2.1118",1
"665","10.1257/aer.102.2.1161",1
"666","10.1257/aer.102.2.810",1
"667","10.1257/aer.102.2.834",1
"668","10.1257/aer.102.2.941",1
"669","10.1257/aer.102.2.965",1
"670","10.1257/aer.102.2.994",1
"671","10.1257/aer.102.3.498",1
"672","10.1257/aer.102.3.549",1
"673","10.1257/aer.102.3.606",1
"674","10.1257/aer.102.4.1206",1
"675","10.1257/aer.102.4.1310",1
"676","10.1257/aer.102.4.1343",1
"677","10.1257/aer.102.4.1378",1
"678","10.1257/aer.102.4.1414",1
"679","10.1257/aer.102.4.1477",1
"680","10.1257/aer.102.4.1508",1
"681","10.1257/aer.102.4.1540",1
"682","10.1257/aer.102.4.1596",1
"683","10.1257/aer.102.4.1644",1
"684","10.1257/aer.102.4.1663",1
"685","10.1257/aer.102.4.1721",1
"686","10.1257/aer.102.4.1751",1
"687","10.1257/aer.102.5.1832",1
"688","10.1257/aer.102.5.1927",1
"689","10.1257/aer.102.5.2018",1
"690","10.1257/aer.102.5.2048",1
"691","10.1257/aer.102.5.2111",1
"692","10.1257/aer.102.5.2206",1
"693","10.1257/aer.102.5.2301",1
"694","10.1257/aer.102.5.2327",1
"695","10.1257/aer.102.5.2358",1
"696","10.1257/aer.102.6.2381",1
"697","10.1257/aer.102.6.2437",1
"698","10.1257/aer.102.6.2509",1
"699","10.1257/aer.102.6.2540",1
"700","10.1257/aer.102.6.2734",1
"701","10.1257/aer.102.6.2826",1
"702","10.1257/aer.102.6.2981",1
"703","10.1257/aer.102.6.3059",1
"704","10.1257/aer.102.6.3077",1
"705","10.1257/aer.102.7.3184",1
"706","10.1257/aer.102.7.3317",1
"707","10.1257/aer.102.7.3333",1
"708","10.1257/aer.102.7.3357",1
"709","10.1257/aer.102.7.3377",1
"710","10.1257/aer.102.7.3406",1
"711","10.1257/aer.102.7.3483",1
"712","10.1257/aer.102.7.3531",1
"713","10.1257/aer.102.7.3561",1
"714","10.1257/aer.102.7.3574",1
"715","10.1257/aer.102.7.3594",1
"716","10.1257/aer.102.7.3628",1
"717","10.1257/aer.102.7.3652",1
"718","10.1257/aer.102.7.3731",1
"719","10.1257/aer.102.7.3749",1
"720","10.1257/aer.102.7.3761",1
"721","10.1257/aer.102.7.3774",1
"722","10.1257/aer.103.1.1",1
"723","10.1257/aer.103.1.107",1
"724","10.1257/aer.103.1.220",1
"725","10.1257/aer.103.1.257",1
"726","10.1257/aer.103.1.277",1
"727","10.1257/aer.103.1.305",1
"728","10.1257/aer.103.1.415",1
"729","10.1257/aer.103.1.438",1
"730","10.1257/aer.103.1.532",1
"731","10.1257/aer.103.2.1071",1
"732","10.1257/aer.103.2.563",1
"733","10.1257/aer.103.2.624",1
"734","10.1257/aer.103.2.732",1
"735","10.1257/aer.103.2.804",1
"736","10.1257/aer.103.2.863",1
"737","10.1257/aer.103.2.981",1
"738","10.1257/aer.103.3.105",1
"739","10.1257/aer.103.3.129",1
"740","10.1257/aer.103.3.141",1
"741","10.1257/aer.103.3.147",1
"742","10.1257/aer.103.3.168",1
"743","10.1257/aer.103.3.184",1
"744","10.1257/aer.103.3.208",1
"745","10.1257/aer.103.3.226",1
"746","10.1257/aer.103.3.238",1
"747","10.1257/aer.103.3.244",1
"748","10.1257/aer.103.3.251",1
"749","10.1257/aer.103.3.257",1
"750","10.1257/aer.103.3.279",1
"751","10.1257/aer.103.3.293",1
"752","10.1257/aer.103.3.303",1
"753","10.1257/aer.103.3.314",1
"754","10.1257/aer.103.3.320",1
"755","10.1257/aer.103.3.326",1
"756","10.1257/aer.103.3.381",1
"757","10.1257/aer.103.3.423",1
"758","10.1257/aer.103.3.462",1
"759","10.1257/aer.103.3.48",1
"760","10.1257/aer.103.3.512",1
"761","10.1257/aer.103.3.528",1
"762","10.1257/aer.103.3.539",1
"763","10.1257/aer.103.3.570",1
"764","10.1257/aer.103.3.580",1
"765","10.1257/aer.103.3.598",1
"766","10.1257/aer.103.3.61",1
"767","10.1257/aer.103.3.643",1
"768","10.1257/aer.103.3.73",1
"769","10.1257/aer.103.4.1172",1
"770","10.1257/aer.103.4.1212",1
"771","10.1257/aer.103.4.1289",1
"772","10.1257/aer.103.4.1325",1
"773","10.1257/aer.103.4.1414",1
"774","10.1257/aer.103.4.1445",1
"775","10.1257/aer.103.4.1507",1
"776","10.1257/aer.103.5.1553",1
"777","10.1257/aer.103.5.1598",1
"778","10.1257/aer.103.5.1629",1
"779","10.1257/aer.103.5.1759",1
"780","10.1257/aer.103.5.1892",1
"781","10.1257/aer.103.5.1925",1
"782","10.1257/aer.103.5.1960",1
"783","10.1257/aer.103.5.1977",1
"784","10.1257/aer.103.5.2003",1
"785","10.1257/aer.103.5.2021",1
"786","10.1257/aer.103.5.2041",1
"787","10.1257/aer.103.6.2087",1
"788","10.1257/aer.103.6.2121",1
"789","10.1257/aer.103.6.2196",1
"790","10.1257/aer.103.6.2227",1
"791","10.1257/aer.103.6.2265",1
"792","10.1257/aer.103.6.2352",1
"793","10.1257/aer.103.6.2437",1
"794","10.1257/aer.103.6.2612",1
"795","10.1257/aer.103.7.2643",1
"796","10.1257/aer.103.7.2683",1
"797","10.1257/aer.103.7.2722",1
"798","10.1257/aer.103.7.2848",1
"799","10.1257/aer.103.7.2875",1
"800","10.1257/aer.103.7.2911",1
"801","10.1257/aer.103.7.2935",1
"802","10.1257/aer.103.7.3001",1
"803","10.1257/aer.103.7.3102",1
"804","10.1257/aer.104.1.123",1
"805","10.1257/aer.104.1.183",1
"806","10.1257/aer.104.1.224",1
"807","10.1257/aer.104.1.252",1
"808","10.1257/aer.104.1.277",1
"809","10.1257/aer.104.1.323",1
"810","10.1257/aer.104.1.338",1
"811","10.1257/aer.104.1.84",1
"812","10.1257/aer.104.10.3003",1
"813","10.1257/aer.104.10.3038",1
"814","10.1257/aer.104.10.3115",1
"815","10.1257/aer.104.10.3154",1
"816","10.1257/aer.104.10.3186",1
"817","10.1257/aer.104.10.3222",1
"818","10.1257/aer.104.10.3256",1
"819","10.1257/aer.104.10.3297",1
"820","10.1257/aer.104.10.3335",1
"821","10.1257/aer.104.11.3397",1
"822","10.1257/aer.104.11.3434",1
"823","10.1257/aer.104.11.3498",1
"824","10.1257/aer.104.11.3565",1
"825","10.1257/aer.104.11.3635",1
"826","10.1257/aer.104.11.3701",1
"827","10.1257/aer.104.11.3752",1
"828","10.1257/aer.104.12.3921",1
"829","10.1257/aer.104.12.4104",1
"830","10.1257/aer.104.12.4147",1
"831","10.1257/aer.104.12.4184",1
"832","10.1257/aer.104.12.4231",1
"833","10.1257/aer.104.2.379",1
"834","10.1257/aer.104.2.495",1
"835","10.1257/aer.104.2.537",1
"836","10.1257/aer.104.2.564",1
"837","10.1257/aer.104.2.687",1
"838","10.1257/aer.104.2.707",1
"839","10.1257/aer.104.3.1014",1
"840","10.1257/aer.104.3.1047",1
"841","10.1257/aer.104.3.1063",1
"842","10.1257/aer.104.3.1072",1
"843","10.1257/aer.104.3.793",1
"844","10.1257/aer.104.3.832",1
"845","10.1257/aer.104.3.963",1
"846","10.1257/aer.104.3.991",1
"847","10.1257/aer.104.4.1091",1
"848","10.1257/aer.104.4.1149",1
"849","10.1257/aer.104.4.1244",1
"850","10.1257/aer.104.4.1320",1
"851","10.1257/aer.104.4.1368",1
"852","10.1257/aer.104.4.1417",1
"853","10.1257/aer.104.4.1439",1
"854","10.1257/aer.104.5.101",1
"855","10.1257/aer.104.5.112",1
"856","10.1257/aer.104.5.122",1
"857","10.1257/aer.104.5.127",1
"858","10.1257/aer.104.5.132",1
"859","10.1257/aer.104.5.136",1
"860","10.1257/aer.104.5.141",1
"861","10.1257/aer.104.5.148",1
"862","10.1257/aer.104.5.154",1
"863","10.1257/aer.104.5.159",1
"864","10.1257/aer.104.5.165",1
"865","10.1257/aer.104.5.189",1
"866","10.1257/aer.104.5.200",1
"867","10.1257/aer.104.5.206",1
"868","10.1257/aer.104.5.212",1
"869","10.1257/aer.104.5.218",1
"870","10.1257/aer.104.5.245",1
"871","10.1257/aer.104.5.250",1
"872","10.1257/aer.104.5.255",1
"873","10.1257/aer.104.5.260",1
"874","10.1257/aer.104.5.272",1
"875","10.1257/aer.104.5.278",1
"876","10.1257/aer.104.5.284",1
"877","10.1257/aer.104.5.291",1
"878","10.1257/aer.104.5.31",1
"879","10.1257/aer.104.5.322",1
"880","10.1257/aer.104.5.329",1
"881","10.1257/aer.104.5.336",1
"882","10.1257/aer.104.5.342",1
"883","10.1257/aer.104.5.354",1
"884","10.1257/aer.104.5.360",1
"885","10.1257/aer.104.5.37",1
"886","10.1257/aer.104.5.370",1
"887","10.1257/aer.104.5.376",1
"888","10.1257/aer.104.5.381",1
"889","10.1257/aer.104.5.387",1
"890","10.1257/aer.104.5.394",1
"891","10.1257/aer.104.5.400",1
"892","10.1257/aer.104.5.406",1
"893","10.1257/aer.104.5.412",1
"894","10.1257/aer.104.5.44",1
"895","10.1257/aer.104.5.452",1
"896","10.1257/aer.104.5.489",1
"897","10.1257/aer.104.5.495",1
"898","10.1257/aer.104.5.50",1
"899","10.1257/aer.104.5.514",1
"900","10.1257/aer.104.5.528",1
"901","10.1257/aer.104.5.557",1
"902","10.1257/aer.104.5.56",1
"903","10.1257/aer.104.5.563",1
"904","10.1257/aer.104.5.581",1
"905","10.1257/aer.104.5.586",1
"906","10.1257/aer.104.5.67",1
"907","10.1257/aer.104.5.88",1
"908","10.1257/aer.104.6.1551",1
"909","10.1257/aer.104.6.1630",1
"910","10.1257/aer.104.6.1667",1
"911","10.1257/aer.104.6.1777",1
"912","10.1257/aer.104.6.1793",1
"913","10.1257/aer.104.6.1833",1
"914","10.1257/aer.104.7.1909",1
"915","10.1257/aer.104.7.1942",1
"916","10.1257/aer.104.7.2049",1
"917","10.1257/aer.104.7.2185",1
"918","10.1257/aer.104.7.2210",1
"919","10.1257/aer.104.7.2238",1
"920","10.1257/aer.104.8.2320",1
"921","10.1257/aer.104.8.2368",1
"922","10.1257/aer.104.8.2421",1
"923","10.1257/aer.104.8.2456",1
"924","10.1257/aer.104.8.2509",1
"925","10.1257/aer.104.9.2593",1
"926","10.1257/aer.104.9.2633",1
"927","10.1257/aer.104.9.2680",1
"928","10.1257/aer.104.9.2698",1
"929","10.1257/aer.104.9.2763",1
"930","10.1257/aer.109.4.1197",1
"931","10.1257/aer.109.4.1616",1
"932","10.1257/aer.20080841",1
"933","10.1257/aer.20110306",1
"934","10.1257/aer.20110572",1
"935","10.1257/aer.20110576",1
"936","10.1257/aer.20110753",1
"937","10.1257/aer.20110948",1
"938","10.1257/aer.20111196",1
"939","10.1257/aer.20111550",1
"940","10.1257/aer.20120070",1
"941","10.1257/aer.20120141",1
"942","10.1257/aer.20120389",1
"943","10.1257/aer.20120427",1
"944","10.1257/aer.20120525",1
"945","10.1257/aer.20120555",1
"946","10.1257/aer.20120642",1
"947","10.1257/aer.20120767",1
"948","10.1257/aer.20120901",1
"949","10.1257/aer.20120942",1
"950","10.1257/aer.20120946",1
"951","10.1257/aer.20121242",1
"952","10.1257/aer.20121266",1
"953","10.1257/aer.20121416",1
"954","10.1257/aer.20121607",1
"955","10.1257/aer.20121656",1
"956","10.1257/aer.20121660",1
"957","10.1257/aer.20130025",1
"958","10.1257/aer.20130098",1
"959","10.1257/aer.20130189",1
"960","10.1257/aer.20130232",1
"961","10.1257/aer.20130267",1
"962","10.1257/aer.20130351",1
"963","10.1257/aer.20130360",1
"964","10.1257/aer.20130375",1
"965","10.1257/aer.20130392",1
"966","10.1257/aer.20130397",1
"967","10.1257/aer.20130570",1
"968","10.1257/aer.20130604",1
"969","10.1257/aer.20130623",1
"970","10.1257/aer.20130665",1
"971","10.1257/aer.20130675",1
"972","10.1257/aer.20130711",1
"973","10.1257/aer.20130758",1
"974","10.1257/aer.20130817",1
"975","10.1257/aer.20130821",1
"976","10.1257/aer.20130853",1
"977","10.1257/aer.20130874",1
"978","10.1257/aer.20130903",1
"979","10.1257/aer.20130952",1
"980","10.1257/aer.20130954",1
"981","10.1257/aer.20131002",1
"982","10.1257/aer.20131024",1
"983","10.1257/aer.20131031",1
"984","10.1257/aer.20131048",1
"985","10.1257/aer.20131061",1
"986","10.1257/aer.20131076",1
"987","10.1257/aer.20131126",1
"988","10.1257/aer.20131183",1
"989","10.1257/aer.20131273",1
"990","10.1257/aer.20131311",1
"991","10.1257/aer.20131314",1
"992","10.1257/aer.20131365",1
"993","10.1257/aer.20131416",1
"994","10.1257/aer.20131455",1
"995","10.1257/aer.20131483",1
"996","10.1257/aer.20131564",1
"997","10.1257/aer.20131578",1
"998","10.1257/aer.20131658",1
"999","10.1257/aer.20131687",1
"1000","10.1257/aer.20140012",1
"1001","10.1257/aer.20140079",1
"1002","10.1257/aer.20140150",1
"1003","10.1257/aer.20140193",1
"1004","10.1257/aer.20140205",1
"1005","10.1257/aer.20140259",1
"1006","10.1257/aer.20140297",1
"1007","10.1257/aer.20140372",1
"1008","10.1257/aer.20140529",1
"1009","10.1257/aer.20140571",1
"1010","10.1257/aer.20140774",1
"1011","10.1257/aer.20140783",1
"1012","10.1257/aer.20140832",1
"1013","10.1257/aer.20140850",1
"1014","10.1257/aer.20140890",1
"1015","10.1257/aer.20141070",1
"1016","10.1257/aer.20141096",1
"1017","10.1257/aer.20141122",1
"1018","10.1257/aer.20141127",1
"1019","10.1257/aer.20141188",1
"1020","10.1257/aer.20141212",1
"1021","10.1257/aer.20141222",1
"1022","10.1257/aer.20141280",1
"1023","10.1257/aer.20141297",1
"1024","10.1257/aer.20141301",1
"1025","10.1257/aer.20141335",1
"1026","10.1257/aer.20141362",1
"1027","10.1257/aer.20141374",1
"1028","10.1257/aer.20141406",1
"1029","10.1257/aer.20141409",1
"1030","10.1257/aer.20141440",1
"1031","10.1257/aer.20141467",1
"1032","10.1257/aer.20141524",1
"1033","10.1257/aer.20141558",1
"1034","10.1257/aer.20141566",1
"1035","10.1257/aer.20141702",1
"1036","10.1257/aer.20141734",1
"1037","10.1257/aer.20141757",1
"1038","10.1257/aer.20141781",1
"1039","10.1257/aer.20150020",1
"1040","10.1257/aer.20150102",1
"1041","10.1257/aer.20150208",1
"1042","10.1257/aer.20150233",1
"1043","10.1257/aer.20150243",1
"1044","10.1257/aer.20150313",1
"1045","10.1257/aer.20150314",1
"1046","10.1257/aer.20150320",1
"1047","10.1257/aer.20150338",1
"1048","10.1257/aer.20150355",1
"1049","10.1257/aer.20150474",1
"1050","10.1257/aer.20150479",1
"1051","10.1257/aer.20150484",1
"1052","10.1257/aer.20150501",1
"1053","10.1257/aer.20150503",1
"1054","10.1257/aer.20150508",1
"1055","10.1257/aer.20150528",1
"1056","10.1257/aer.20150572",1
"1057","10.1257/aer.20150585",1
"1058","10.1257/aer.20150592",1
"1059","10.1257/aer.20150626",1
"1060","10.1257/aer.20150630",1
"1061","10.1257/aer.20150681",1
"1062","10.1257/aer.20150774",1
"1063","10.1257/aer.20150781",1
"1064","10.1257/aer.20150808",1
"1065","10.1257/aer.20150912",1
"1066","10.1257/aer.20150986",1
"1067","10.1257/aer.20150988",1
"1068","10.1257/aer.20151047",1
"1069","10.1257/aer.20151080",1
"1070","10.1257/aer.20151093",1
"1071","10.1257/aer.20151138",1
"1072","10.1257/aer.20151184",1
"1073","10.1257/aer.20151193",1
"1074","10.1257/aer.20151211",1
"1075","10.1257/aer.20151282",1
"1076","10.1257/aer.20151299",1
"1077","10.1257/aer.20151318",1
"1078","10.1257/aer.20151326",1
"1079","10.1257/aer.20151362",1
"1080","10.1257/aer.20151398",1
"1081","10.1257/aer.20151404",1
"1082","10.1257/aer.20151413",1
"1083","10.1257/aer.20151510",1
"1084","10.1257/aer.20151551",1
"1085","10.1257/aer.20151569",1
"1086","10.1257/aer.20151604",1
"1087","10.1257/aer.20151667",1
"1088","10.1257/aer.20151720",1
"1089","10.1257/aer.20151730",1
"1090","10.1257/aer.20160034",1
"1091","10.1257/aer.20160055",1
"1092","10.1257/aer.20160080",1
"1093","10.1257/aer.20160144",1
"1094","10.1257/aer.20160186",1
"1095","10.1257/aer.20160232",1
"1096","10.1257/aer.20160284",1
"1097","10.1257/aer.20160346",1
"1098","10.1257/aer.20160409",1
"1099","10.1257/aer.20160522",1
"1100","10.1257/aer.20160524",1
"1101","10.1257/aer.20160542",1
"1102","10.1257/aer.20160547",1
"1103","10.1257/aer.20160575",1
"1104","10.1257/aer.20160576",1
"1105","10.1257/aer.20160613",1
"1106","10.1257/aer.20160696",1
"1107","10.1257/aer.20160698",1
"1108","10.1257/aer.20160763",1
"1109","10.1257/aer.20160788",1
"1110","10.1257/aer.20160789",1
"1111","10.1257/aer.20160848",1
"1112","10.1257/aer.20161048",1
"1113","10.1257/aer.20161080",1
"1114","10.1257/aer.20161151",1
"1115","10.1257/aer.20161226",1
"1116","10.1257/aer.20161329",1
"1117","10.1257/aer.20161343",1
"1118","10.1257/aer.20161352",1
"1119","10.1257/aer.20161385",1
"1120","10.1257/aer.20161413",1
"1121","10.1257/aer.20161495",1
"1122","10.1257/aer.20161500",1
"1123","10.1257/aer.20161503",1
"1124","10.1257/aer.20161534",1
"1125","10.1257/aer.20161553",1
"1126","10.1257/aer.20161570",1
"1127","10.1257/aer.20161605",1
"1128","10.1257/aer.20161852",1
"1129","10.1257/aer.20161923",1
"1130","10.1257/aer.20161946",1
"1131","10.1257/aer.20161965",1
"1132","10.1257/aer.20162015",1
"1133","10.1257/aer.20170007",1
"1134","10.1257/aer.20170029",1
"1135","10.1257/aer.20170116",1
"1136","10.1257/aer.20170133",1
"1137","10.1257/aer.20170237",1
"1138","10.1257/aer.20170279",1
"1139","10.1257/aer.20170404",1
"1140","10.1257/aer.20170413",1
"1141","10.1257/aer.20170416",1
"1142","10.1257/aer.20170491",1
"1143","10.1257/aer.20170619",1
"1144","10.1257/aer.20170627",1
"1145","10.1257/aer.20170748",1
"1146","10.1257/aer.20170765",1
"1147","10.1257/aer.20170947",1
"1148","10.1257/aer.20171019",1
"1149","10.1257/aer.20171066",1
"1150","10.1257/aer.20171112",1
"1151","10.1257/aer.20171288",1
"1152","10.1257/aer.20171330",1
"1153","10.1257/aer.20171338",1
"1154","10.1257/aer.20171339",1
"1155","10.1257/aer.20171438",1
"1156","10.1257/aer.20171455",1
"1157","10.1257/aer.20171526",1
"1158","10.1257/aer.20171735",1
"1159","10.1257/aer.20171787",1
"1160","10.1257/aer.20171937",1
"1161","10.1257/aer.20172043",1
"1162","10.1257/aer.20180019",1
"1163","10.1257/aer.20180041",1
"1164","10.1257/aer.20180044",1
"1165","10.1257/aer.89.3.379",1
"1166","10.1257/aer.90.3.429",1
"1167","10.1257/aer.96.5.1906",1
"1168","10.1257/aer.96.5.1912",1
"1169","10.1257/aer.97.1.517",1
"1170","10.1257/aer.97.2.177",1
"1171","10.1257/aer.97.5.1533",1
"1172","10.1257/aer.97.5.1560",1
"1173","10.1257/aer.97.5.1639",1
"1174","10.1257/aer.97.5.1731",1
"1175","10.1257/aer.97.5.1774",1
"1176","10.1257/aer.97.5.2005",1
"1177","10.1257/aer.97.5.2038",1
"1178","10.1257/aer.98.1.294",1
"1179","10.1257/aer.98.1.311",1
"1180","10.1257/aer.98.1.358",1
"1181","10.1257/aer.98.1.38",1
"1182","10.1257/aer.98.1.426",1
"1183","10.1257/aer.98.1.439",1
"1184","10.1257/aer.98.1.458",1
"1185","10.1257/aer.98.1.474",1
"1186","10.1257/aer.98.1.519",1
"1187","10.1257/aer.98.2.230",1
"1188","10.1257/aer.98.3.1009",1
"1189","10.1257/aer.98.3.1040",1
"1190","10.1257/aer.98.3.1069",1
"1191","10.1257/aer.98.3.1083",1
"1192","10.1257/aer.98.3.1103",1
"1193","10.1257/aer.98.3.1163",1
"1194","10.1257/aer.98.3.604",1
"1195","10.1257/aer.98.3.669",1
"1196","10.1257/aer.98.3.737",1
"1197","10.1257/aer.98.3.769",1
"1198","10.1257/aer.98.3.808",1
"1199","10.1257/aer.98.3.843",1
"1200","10.1257/aer.98.3.924",1
"1201","10.1257/aer.98.3.938",1
"1202","10.1257/aer.98.4.1370",1
"1203","10.1257/aer.98.4.1476",1
"1204","10.1257/aer.98.4.1553",1
"1205","10.1257/aer.98.4.1578",1
"1206","10.1257/aer.98.4.1591",1
"1207","10.1257/aer.98.4.1605",1
"1208","10.1257/aer.98.4.1653",1
"1209","10.1257/aer.98.4.1675",1
"1210","10.1257/aer.98.5.1737",1
"1211","10.1257/aer.98.5.1829",1
"1212","10.1257/aer.98.5.1864",1
"1213","10.1257/aer.98.5.1998",1
"1214","10.1257/aer.98.5.2032",1
"1215","10.1257/aer.98.5.2101",1
"1216","10.1257/aer.98.5.2163",1
"1217","10.1257/aer.98.5.2203",1
"1218","10.1257/aer.98.5.2259",1
"1219","10.1257/aer.99.1.112",1
"1220","10.1257/aer.99.1.179",1
"1221","10.1257/aer.99.1.243",1
"1222","10.1257/aer.99.1.25",1
"1223","10.1257/aer.99.1.295",1
"1224","10.1257/aer.99.1.350",1
"1225","10.1257/aer.99.1.486",1
"1226","10.1257/aer.99.1.509",1
"1227","10.1257/aer.99.1.528",1
"1228","10.1257/aer.99.1.544",1
"1229","10.1257/aer.99.2.550",1
"1230","10.1257/aer.99.2.58",1
"1231","10.1257/aer.99.3.1006",1
"1232","10.1257/aer.99.3.1027",1
"1233","10.1257/aer.99.3.1040",1
"1234","10.1257/aer.99.3.1053",1
"1235","10.1257/aer.99.3.572",1
"1236","10.1257/aer.99.3.628",1
"1237","10.1257/aer.99.3.700",1
"1238","10.1257/aer.99.3.750",1
"1239","10.1257/aer.99.3.769",1
"1240","10.1257/aer.99.3.804",1
"1241","10.1257/aer.99.3.827",1
"1242","10.1257/aer.99.3.864",1
"1243","10.1257/aer.99.3.956",1
"1244","10.1257/aer.99.3.979",1
"1245","10.1257/aer.99.4.1097",1
"1246","10.1257/aer.99.4.1145",1
"1247","10.1257/aer.99.4.1178",1
"1248","10.1257/aer.99.4.1218",1
"1249","10.1257/aer.99.4.1278",1
"1250","10.1257/aer.99.4.1335",1
"1251","10.1257/aer.99.4.1415",1
"1252","10.1257/aer.99.4.1451",1
"1253","10.1257/aer.99.4.1484",1
"1254","10.1257/aer.99.4.1508",1
"1255","10.1257/aer.99.4.1619",1
"1256","10.1257/aer.99.4.1636",1
"1257","10.1257/aer.99.4.1653",1
"1258","10.1257/aer.99.4.1664",1
"1259","10.1257/aer.99.4.1672",1
"1260","10.1257/aer.99.4.1676",1
"1261","10.1257/aer.99.5.1689",1
"1262","10.1257/aer.99.5.1714",1
"1263","10.1257/aer.99.5.1740",1
"1264","10.1257/aer.99.5.1770",1
"1265","10.1257/aer.99.5.1808",1
"1266","10.1257/aer.99.5.1831",1
"1267","10.1257/aer.99.5.1850",1
"1268","10.1257/aer.99.5.1878",1
"1269","10.1257/aer.99.5.1899",1
"1270","10.1257/aer.99.5.1979",1
"1271","10.1257/aer.99.5.2012",1
"1272","10.1257/aer.99.5.2022",1
"1273","10.1257/aer.99.5.2085",1
"1274","10.1257/aer.99.5.2096",1
"1275","10.1257/aer.99.5.2120",1
"1276","10.1257/aer.99.5.2149",1
"1277","10.1257/aer.99.5.2177",1
"1278","10.1257/aer.99.5.2209",1
"1279","10.1257/aer.99.5.2227",1
"1280","10.1257/aer.99.5.2247",1
"1281","10.1257/aer.99.5.2258",1
"1282","10.1257/aer.99.5.2267",1
"1283","10.1257/aer.p20151000",1
"1284","10.1257/aer.p20151003",1
"1285","10.1257/aer.p20151005",1
"1286","10.1257/aer.p20151006",1
"1287","10.1257/aer.p20151007",1
"1288","10.1257/aer.p20151009",1
"1289","10.1257/aer.p20151011",1
"1290","10.1257/aer.p20151015",1
"1291","10.1257/aer.p20151016",1
"1292","10.1257/aer.p20151017",1
"1293","10.1257/aer.p20151018",1
"1294","10.1257/aer.p20151019",1
"1295","10.1257/aer.p20151022",1
"1296","10.1257/aer.p20151024",1
"1297","10.1257/aer.p20151025",1
"1298","10.1257/aer.p20151027",1
"1299","10.1257/aer.p20151029",1
"1300","10.1257/aer.p20151030",1
"1301","10.1257/aer.p20151032",1
"1302","10.1257/aer.p20151033",1
"1303","10.1257/aer.p20151034",1
"1304","10.1257/aer.p20151035",1
"1305","10.1257/aer.p20151037",1
"1306","10.1257/aer.p20151040",1
"1307","10.1257/aer.p20151041",1
"1308","10.1257/aer.p20151042",1
"1309","10.1257/aer.p20151043",1
"1310","10.1257/aer.p20151046",1
"1311","10.1257/aer.p20151050",1
"1312","10.1257/aer.p20151051",1
"1313","10.1257/aer.p20151052",1
"1314","10.1257/aer.p20151055",1
"1315","10.1257/aer.p20151056",1
"1316","10.1257/aer.p20151058",1
"1317","10.1257/aer.p20151060",1
"1318","10.1257/aer.p20151061",1
"1319","10.1257/aer.p20151062",1
"1320","10.1257/aer.p20151063",1
"1321","10.1257/aer.p20151064",1
"1322","10.1257/aer.p20151069",1
"1323","10.1257/aer.p20151070",1
"1324","10.1257/aer.p20151071",1
"1325","10.1257/aer.p20151075",1
"1326","10.1257/aer.p20151076",1
"1327","10.1257/aer.p20151078",1
"1328","10.1257/aer.p20151079",1
"1329","10.1257/aer.p20151081",1
"1330","10.1257/aer.p20151082",1
"1331","10.1257/aer.p20151083",1
"1332","10.1257/aer.p20151087",1
"1333","10.1257/aer.p20151088",1
"1334","10.1257/aer.p20151089",1
"1335","10.1257/aer.p20151094",1
"1336","10.1257/aer.p20151095",1
"1337","10.1257/aer.p20151096",1
"1338","10.1257/aer.p20151097",1
"1339","10.1257/aer.p20151102",1
"1340","10.1257/aer.p20151103",1
"1341","10.1257/aer.p20151104",1
"1342","10.1257/aer.p20151109",1
"1343","10.1257/aer.p20151110",1
"1344","10.1257/aer.p20151111",1
"1345","10.1257/aer.p20151112",1
"1346","10.1257/aer.p20151113",1
"1347","10.1257/aer.p20151114",1
"1348","10.1257/aer.p20151117",1
"1349","10.1257/aer.p20151118",1
"1350","10.1257/aer.p20151120",1
"1351","10.1257/aer.p20151124",1
"1352","10.1257/aer.p20161002",1
"1353","10.1257/aer.p20161005",1
"1354","10.1257/aer.p20161006",1
"1355","10.1257/aer.p20161007",1
"1356","10.1257/aer.p20161008",1
"1357","10.1257/aer.p20161010",1
"1358","10.1257/aer.p20161011",1
"1359","10.1257/aer.p20161012",1
"1360","10.1257/aer.p20161014",1
"1361","10.1257/aer.p20161015",1
"1362","10.1257/aer.p20161016",1
"1363","10.1257/aer.p20161017",1
"1364","10.1257/aer.p20161018",1
"1365","10.1257/aer.p20161020",1
"1366","10.1257/aer.p20161021",1
"1367","10.1257/aer.p20161022",1
"1368","10.1257/aer.p20161024",1
"1369","10.1257/aer.p20161025",1
"1370","10.1257/aer.p20161026",1
"1371","10.1257/aer.p20161029",1
"1372","10.1257/aer.p20161031",1
"1373","10.1257/aer.p20161032",1
"1374","10.1257/aer.p20161033",1
"1375","10.1257/aer.p20161034",1
"1376","10.1257/aer.p20161036",1
"1377","10.1257/aer.p20161037",1
"1378","10.1257/aer.p20161042",1
"1379","10.1257/aer.p20161043",1
"1380","10.1257/aer.p20161044",1
"1381","10.1257/aer.p20161054",1
"1382","10.1257/aer.p20161055",1
"1383","10.1257/aer.p20161056",1
"1384","10.1257/aer.p20161057",1
"1385","10.1257/aer.p20161062",1
"1386","10.1257/aer.p20161066",1
"1387","10.1257/aer.p20161067",1
"1388","10.1257/aer.p20161073",1
"1389","10.1257/aer.p20161074",1
"1390","10.1257/aer.p20161075",1
"1391","10.1257/aer.p20161078",1
"1392","10.1257/aer.p20161079",1
"1393","10.1257/aer.p20161081",1
"1394","10.1257/aer.p20161083",1
"1395","10.1257/aer.p20161084",1
"1396","10.1257/aer.p20161085",1
"1397","10.1257/aer.p20161097",1
"1398","10.1257/aer.p20161105",1
"1399","10.1257/aer.p20161109",1
"1400","10.1257/aer.p20161111",1
"1401","10.1257/aer.p20161112",1
"1402","10.1257/aer.p20161113",1
"1403","10.1257/aer.p20161115",1
"1404","10.1257/aer.p20161118",1
"1405","10.1257/aer.p20161121",1
"1406","10.1257/aer.p20161122",1
"1407","10.1257/aer.p20171001",1
"1408","10.1257/aer.p20171002",1
"1409","10.1257/aer.p20171005",1
"1410","10.1257/aer.p20171007",1
"1411","10.1257/aer.p20171008",1
"1412","10.1257/aer.p20171009",1
"1413","10.1257/aer.p20171010",1
"1414","10.1257/aer.p20171013",1
"1415","10.1257/aer.p20171014",1
"1416","10.1257/aer.p20171016",1
"1417","10.1257/aer.p20171018",1
"1418","10.1257/aer.p20171024",1
"1419","10.1257/aer.p20171025",1
"1420","10.1257/aer.p20171037",1
"1421","10.1257/aer.p20171038",1
"1422","10.1257/aer.p20171039",1
"1423","10.1257/aer.p20171040",1
"1424","10.1257/aer.p20171041",1
"1425","10.1257/aer.p20171052",1
"1426","10.1257/aer.p20171055",1
"1427","10.1257/aer.p20171065",1
"1428","10.1257/aer.p20171067",1
"1429","10.1257/aer.p20171076",1
"1430","10.1257/aer.p20171077",1
"1431","10.1257/aer.p20171078",1
"1432","10.1257/aer.p20171082",1
"1433","10.1257/aer.p20171086",1
"1434","10.1257/aer.p20171087",1
"1435","10.1257/aer.p20171089",1
"1436","10.1257/aer.p20171093",1
"1437","10.1257/aer.p20171094",1
"1438","10.1257/aer.p20171097",1
"1439","10.1257/aer.p20171098",1
"1440","10.1257/aer.p20171100",1
"1441","10.1257/aer.p20171103",1
"1442","10.1257/aer.p20171105",1
"1443","10.1257/aer.p20171106",1
"1444","10.1257/aer.p20171109",1
"1445","10.1257/aer.p20171111",1
"1446","10.1257/aer.p20171119",1
"1447","10.1257/aer.p20171120",1
"1448","10.1257/aer.p20171121",1
"1449","10.1257/aer.p20171127",1
"1450","10.1257/aer.p20171128",1
"1451","10.1257/aer.p20171130",1
"1452","10.1257/aer.p20171131",1
"1453","10.1257/aer.p20171132",1
"1454","10.1257/aer.p20171134",1
"1455","10.1257/aer.p20171142",1
"1456","10.1257/aer.p20171144",1
"1457","10.1257/aer.p20171146",1
"1458","10.1257/aer.p20171147",1
"1459","10.1257/aeri.20180063",1
"1460","10.1257/aeri.20180070",1
"1461","10.1257/aeri.20180248",1
"1462","10.1257/app.1.1.219",1
"1463","10.1257/app.1.1.22",1
"1464","10.1257/app.1.1.251",1
"1465","10.1257/app.1.1.86",1
"1466","10.1257/app.1.2.1",1
"1467","10.1257/app.1.2.128",1
"1468","10.1257/app.1.2.150",1
"1469","10.1257/app.1.2.35",1
"1470","10.1257/app.1.2.53",1
"1471","10.1257/app.1.2.64",1
"1472","10.1257/app.1.2.88",1
"1473","10.1257/app.1.3.111",1
"1474","10.1257/app.1.3.135",1
"1475","10.1257/app.1.3.170",1
"1476","10.1257/app.1.3.33",1
"1477","10.1257/app.1.3.59",1
"1478","10.1257/app.1.3.82",1
"1479","10.1257/app.1.3.97",1
"1480","10.1257/app.1.4.1",1
"1481","10.1257/app.1.4.109",1
"1482","10.1257/app.1.4.140",1
"1483","10.1257/app.1.4.170",1
"1484","10.1257/app.1.4.200",1
"1485","10.1257/app.1.4.69",1
"1486","10.1257/app.2.1.1",1
"1487","10.1257/app.2.1.149",1
"1488","10.1257/app.2.1.165",1
"1489","10.1257/app.2.1.211",1
"1490","10.1257/app.2.1.33",1
"1491","10.1257/app.2.1.62",1
"1492","10.1257/app.2.2.1",1
"1493","10.1257/app.2.2.118",1
"1494","10.1257/app.2.2.164",1
"1495","10.1257/app.2.2.179",1
"1496","10.1257/app.2.2.210",1
"1497","10.1257/app.2.2.241",1
"1498","10.1257/app.2.2.46",1
"1499","10.1257/app.2.2.72",1
"1500","10.1257/app.2.2.95",1
"1501","10.1257/app.2.3.1",1
"1502","10.1257/app.2.3.129",1
"1503","10.1257/app.2.3.190",1
"1504","10.1257/app.2.3.205",1
"1505","10.1257/app.2.3.22",1
"1506","10.1257/app.2.3.228",1
"1507","10.1257/app.2.3.256",1
"1508","10.1257/app.2.3.46",1
"1509","10.1257/app.2.3.60",1
"1510","10.1257/app.2.3.96",1
"1511","10.1257/app.2.4.1",1
"1512","10.1257/app.2.4.105",1
"1513","10.1257/app.2.4.128",1
"1514","10.1257/app.2.4.200",1
"1515","10.1257/app.2.4.213",1
"1516","10.1257/app.2.4.236",1
"1517","10.1257/app.2.4.42",1
"1518","10.1257/app.2.4.76",1
"1519","10.1257/app.20120337",1
"1520","10.1257/app.20120359",1
"1521","10.1257/app.20120387",1
"1522","10.1257/app.20130046",1
"1523","10.1257/app.20130126",1
"1524","10.1257/app.20130169",1
"1525","10.1257/app.20130170",1
"1526","10.1257/app.20130267",1
"1527","10.1257/app.20130272",1
"1528","10.1257/app.20130346",1
"1529","10.1257/app.20130359",1
"1530","10.1257/app.20130442",1
"1531","10.1257/app.20130472",1
"1532","10.1257/app.20130480",1
"1533","10.1257/app.20130482",1
"1534","10.1257/app.20130489",1
"1535","10.1257/app.20130505",1
"1536","10.1257/app.20130533",1
"1537","10.1257/app.20140010",1
"1538","10.1257/app.20140022",1
"1539","10.1257/app.20140030",1
"1540","10.1257/app.20140039",1
"1541","10.1257/app.20140044",1
"1542","10.1257/app.20140062",1
"1543","10.1257/app.20140073",1
"1544","10.1257/app.20140095",1
"1545","10.1257/app.20140100",1
"1546","10.1257/app.20140111",1
"1547","10.1257/app.20140135",1
"1548","10.1257/app.20140185",1
"1549","10.1257/app.20140201",1
"1550","10.1257/app.20140262",1
"1551","10.1257/app.20140323",1
"1552","10.1257/app.20140350",1
"1553","10.1257/app.20140352",1
"1554","10.1257/app.20140362",1
"1555","10.1257/app.20140379",1
"1556","10.1257/app.20140430",1
"1557","10.1257/app.20140468",1
"1558","10.1257/app.20140494",1
"1559","10.1257/app.20140495",1
"1560","10.1257/app.20140506",1
"1561","10.1257/app.20140533",1
"1562","10.1257/app.20150004",1
"1563","10.1257/app.20150023",1
"1564","10.1257/app.20150027",1
"1565","10.1257/app.20150042",1
"1566","10.1257/app.20150043",1
"1567","10.1257/app.20150048",1
"1568","10.1257/app.20150057",1
"1569","10.1257/app.20150059",1
"1570","10.1257/app.20150076",1
"1571","10.1257/app.20150083",1
"1572","10.1257/app.20150087",1
"1573","10.1257/app.20150090",1
"1574","10.1257/app.20150112",1
"1575","10.1257/app.20150158",1
"1576","10.1257/app.20150172",1
"1577","10.1257/app.20150213",1
"1578","10.1257/app.20150234",1
"1579","10.1257/app.20150241",1
"1580","10.1257/app.20150245",1
"1581","10.1257/app.20150295",1
"1582","10.1257/app.20150310",1
"1583","10.1257/app.20150314",1
"1584","10.1257/app.20150342",1
"1585","10.1257/app.20150360",1
"1586","10.1257/app.20150365",1
"1587","10.1257/app.20150373",1
"1588","10.1257/app.20150385",1
"1589","10.1257/app.20150390",1
"1590","10.1257/app.20150397",1
"1591","10.1257/app.20150405",1
"1592","10.1257/app.20150411",1
"1593","10.1257/app.20150421",1
"1594","10.1257/app.20150431",1
"1595","10.1257/app.20150447",1
"1596","10.1257/app.20150476",1
"1597","10.1257/app.20150509",1
"1598","10.1257/app.20150512",1
"1599","10.1257/app.20150517",1
"1600","10.1257/app.20150530",1
"1601","10.1257/app.20150532",1
"1602","10.1257/app.20150540",1
"1603","10.1257/app.20150548",1
"1604","10.1257/app.20150576",1
"1605","10.1257/app.20160008",1
"1606","10.1257/app.20160030",1
"1607","10.1257/app.20160055",1
"1608","10.1257/app.20160056",1
"1609","10.1257/app.20160066",1
"1610","10.1257/app.20160079",1
"1611","10.1257/app.20160089",1
"1612","10.1257/app.20160121",1
"1613","10.1257/app.20160126",1
"1614","10.1257/app.20160150",1
"1615","10.1257/app.20160179",1
"1616","10.1257/app.20160183",1
"1617","10.1257/app.20160195",1
"1618","10.1257/app.20160213",1
"1619","10.1257/app.20160214",1
"1620","10.1257/app.20160220",1
"1621","10.1257/app.20160247",1
"1622","10.1257/app.20160257",1
"1623","10.1257/app.20160262",1
"1624","10.1257/app.20160267",1
"1625","10.1257/app.20160350",1
"1626","10.1257/app.20160390",1
"1627","10.1257/app.20160395",1
"1628","10.1257/app.20160404",1
"1629","10.1257/app.20160426",1
"1630","10.1257/app.20160429",1
"1631","10.1257/app.20160436",1
"1632","10.1257/app.20160469",1
"1633","10.1257/app.20160510",1
"1634","10.1257/app.20160626",1
"1635","10.1257/app.20160634",1
"1636","10.1257/app.20160664",1
"1637","10.1257/app.20170042",1
"1638","10.1257/app.20170048",1
"1639","10.1257/app.20170068",1
"1640","10.1257/app.20170077",1
"1641","10.1257/app.20170080",1
"1642","10.1257/app.20170113",1
"1643","10.1257/app.20170163",1
"1644","10.1257/app.20170223",1
"1645","10.1257/app.20170249",1
"1646","10.1257/app.20170286",1
"1647","10.1257/app.20170288",1
"1648","10.1257/app.20170300",1
"1649","10.1257/app.20170411",1
"1650","10.1257/app.20170438",1
"1651","10.1257/app.20170478",1
"1652","10.1257/app.20170497",1
"1653","10.1257/app.20170543",1
"1654","10.1257/app.20170566",1
"1655","10.1257/app.20170670",1
"1656","10.1257/app.3.1.1",1
"1657","10.1257/app.3.1.101",1
"1658","10.1257/app.3.1.129",1
"1659","10.1257/app.3.1.224",1
"1660","10.1257/app.3.1.239",1
"1661","10.1257/app.3.1.35",1
"1662","10.1257/app.3.1.65",1
"1663","10.1257/app.3.1.91",1
"1664","10.1257/app.3.2.1",1
"1665","10.1257/app.3.2.119",1
"1666","10.1257/app.3.2.137",1
"1667","10.1257/app.3.2.167",1
"1668","10.1257/app.3.2.196",1
"1669","10.1257/app.3.2.34",1
"1670","10.1257/app.3.2.67",1
"1671","10.1257/app.3.3.1",1
"1672","10.1257/app.3.3.124",1
"1673","10.1257/app.3.3.158",1
"1674","10.1257/app.3.3.188",1
"1675","10.1257/app.3.3.221",1
"1676","10.1257/app.3.3.244",1
"1677","10.1257/app.3.3.29",1
"1678","10.1257/app.3.3.88",1
"1679","10.1257/app.3.4.1",1
"1680","10.1257/app.3.4.119",1
"1681","10.1257/app.3.4.152",1
"1682","10.1257/app.3.4.186",1
"1683","10.1257/app.3.4.215",1
"1684","10.1257/app.3.4.228",1
"1685","10.1257/app.3.4.29",1
"1686","10.1257/app.3.4.56",1
"1687","10.1257/app.3.4.86",1
"1688","10.1257/app.4.1.109",1
"1689","10.1257/app.4.1.136",1
"1690","10.1257/app.4.1.193",1
"1691","10.1257/app.4.1.212",1
"1692","10.1257/app.4.1.245",1
"1693","10.1257/app.4.1.30",1
"1694","10.1257/app.4.1.85",1
"1695","10.1257/app.4.2.134",1
"1696","10.1257/app.4.2.168",1
"1697","10.1257/app.4.2.199",1
"1698","10.1257/app.4.2.219",1
"1699","10.1257/app.4.2.247",1
"1700","10.1257/app.4.2.274",1
"1701","10.1257/app.4.2.62",1
"1702","10.1257/app.4.3.1",1
"1703","10.1257/app.4.3.116",1
"1704","10.1257/app.4.3.167",1
"1705","10.1257/app.4.3.190",1
"1706","10.1257/app.4.3.225",1
"1707","10.1257/app.4.3.28",1
"1708","10.1257/app.4.3.43",1
"1709","10.1257/app.4.3.64",1
"1710","10.1257/app.4.3.90",1
"1711","10.1257/app.4.4.1",1
"1712","10.1257/app.4.4.121",1
"1713","10.1257/app.4.4.165",1
"1714","10.1257/app.4.4.194",1
"1715","10.1257/app.4.4.254",1
"1716","10.1257/app.4.4.32",1
"1717","10.1257/app.4.4.94",1
"1718","10.1257/app.5.1.1",1
"1719","10.1257/app.5.1.208",1
"1720","10.1257/app.5.1.239",1
"1721","10.1257/app.5.1.32",1
"1722","10.1257/app.5.1.65",1
"1723","10.1257/app.5.2.122",1
"1724","10.1257/app.5.2.151",1
"1725","10.1257/app.5.2.179",1
"1726","10.1257/app.5.2.200",1
"1727","10.1257/app.5.2.232",1
"1728","10.1257/app.5.2.29",1
"1729","10.1257/app.5.2.58",1
"1730","10.1257/app.5.2.86",1
"1731","10.1257/app.5.3.1",1
"1732","10.1257/app.5.3.113",1
"1733","10.1257/app.5.3.136",1
"1734","10.1257/app.5.3.170",1
"1735","10.1257/app.5.3.189",1
"1736","10.1257/app.5.3.211",1
"1737","10.1257/app.5.3.27",1
"1738","10.1257/app.5.3.41",1
"1739","10.1257/app.5.3.91",1
"1740","10.1257/app.5.4.1",1
"1741","10.1257/app.5.4.111",1
"1742","10.1257/app.5.4.144",1
"1743","10.1257/app.5.4.206",1
"1744","10.1257/app.5.4.241",1
"1745","10.1257/app.5.4.28",1
"1746","10.1257/app.5.4.61",1
"1747","10.1257/app.5.4.92",1
"1748","10.1257/app.6.1.108",1
"1749","10.1257/app.6.1.133",1
"1750","10.1257/app.6.1.157",1
"1751","10.1257/app.6.1.190",1
"1752","10.1257/app.6.1.220",1
"1753","10.1257/app.6.1.253",1
"1754","10.1257/app.6.1.38",1
"1755","10.1257/app.6.1.73",1
"1756","10.1257/app.6.1.91",1
"1757","10.1257/app.6.2.1",1
"1758","10.1257/app.6.2.105",1
"1759","10.1257/app.6.2.127",1
"1760","10.1257/app.6.2.152",1
"1761","10.1257/app.6.2.178",1
"1762","10.1257/app.6.2.195",1
"1763","10.1257/app.6.2.231",1
"1764","10.1257/app.6.2.32",1
"1765","10.1257/app.6.2.49",1
"1766","10.1257/app.6.2.76",1
"1767","10.1257/app.6.3.103",1
"1768","10.1257/app.6.3.159",1
"1769","10.1257/app.6.3.189",1
"1770","10.1257/app.6.3.20",1
"1771","10.1257/app.6.3.206",1
"1772","10.1257/app.6.3.234",1
"1773","10.1257/app.6.3.58",1
"1774","10.1257/app.6.3.76",1
"1775","10.1257/app.6.4.1",1
"1776","10.1257/app.6.4.110",1
"1777","10.1257/app.6.4.142",1
"1778","10.1257/app.6.4.197",1
"1779","10.1257/app.6.4.251",1
"1780","10.1257/app.6.4.35",1
"1781","10.1257/app.6.4.90",1
"1782","10.1257/jel.20151248",1
"1783","10.1257/jel.20160995",1
"1784","10.1257/jel.20171300",1
"1785","10.1257/jel.52.4.993",1
"1786","10.1257/jel.53.3.503",1
"1787","10.1257/jep.27.1.197",1
"1788","10.1257/jep.28.2.119",1
"1789","10.1257/jep.28.2.153",1
"1790","10.1257/jep.28.2.177",1
"1791","10.1257/jep.28.2.221",1
"1792","10.1257/jep.28.2.29",1
"1793","10.1257/jep.28.2.3",1
"1794","10.1257/jep.28.2.51",1
"1795","10.1257/jep.28.3.127",1
"1796","10.1257/jep.28.3.169",1
"1797","10.1257/jep.28.3.205",1
"1798","10.1257/jep.28.3.89",1
"1799","10.1257/jep.28.4.121",1
"1800","10.1257/jep.28.4.193",1
"1801","10.1257/jep.28.4.23",1
"1802","10.1257/jep.28.4.77",1
"1803","10.1257/jep.28.4.99",1
"1804","10.1257/jep.29.1.139",1
"1805","10.1257/jep.29.1.163",1
"1806","10.1257/jep.29.1.29",1
"1807","10.1257/jep.29.1.3",1
"1808","10.1257/jep.29.1.47",1
"1809","10.1257/jep.29.1.89",1
"1810","10.1257/jep.29.2.151",1
"1811","10.1257/jep.29.2.173",1
"1812","10.1257/jep.29.2.239",1
"1813","10.1257/jep.29.2.25",1
"1814","10.1257/jep.29.2.3",1
"1815","10.1257/jep.29.3.121",1
"1816","10.1257/jep.29.3.165",1
"1817","10.1257/jep.29.3.185",1
"1818","10.1257/jep.29.3.3",1
"1819","10.1257/jep.29.3.99",1
"1820","10.1257/jep.29.4.135",1
"1821","10.1257/jep.29.4.177",1
"1822","10.1257/jep.29.4.199",1
"1823","10.1257/jep.29.4.227",1
"1824","10.1257/jep.29.4.89",1
"1825","10.1257/jep.30.1.117",1
"1826","10.1257/jep.30.1.139",1
"1827","10.1257/jep.30.1.161",1
"1828","10.1257/jep.30.1.185",1
"1829","10.1257/jep.30.2.103",1
"1830","10.1257/jep.30.2.151",1
"1831","10.1257/jep.30.2.179",1
"1832","10.1257/jep.30.2.29",1
"1833","10.1257/jep.30.2.3",1
"1834","10.1257/jep.30.2.53",1
"1835","10.1257/jep.30.2.79",1
"1836","10.1257/jep.30.3.213",1
"1837","10.1257/jep.30.3.235",1
"1838","10.1257/jep.30.3.3",1
"1839","10.1257/jep.30.3.57",1
"1840","10.1257/jep.30.4.3",1
"1841","10.1257/jep.30.4.57",1
"1842","10.1257/jep.31.1.117",1
"1843","10.1257/jep.31.1.141",1
"1844","10.1257/jep.31.1.161",1
"1845","10.1257/jep.31.1.183",1
"1846","10.1257/jep.31.1.205",1
"1847","10.1257/jep.31.1.25",1
"1848","10.1257/jep.31.1.3",1
"1849","10.1257/jep.31.1.49",1
"1850","10.1257/jep.31.1.71",1
"1851","10.1257/jep.31.2.165",1
"1852","10.1257/jep.31.2.87",1
"1853","10.1257/jep.31.3.29",1
"1854","10.1257/jep.31.3.47",1
"1855","10.1257/jep.31.3.67",1
"1856","10.1257/jep.31.4.145",1
"1857","10.1257/jep.31.4.163",1
"1858","10.1257/jep.31.4.185",1
"1859","10.1257/jep.31.4.205",1
"1860","10.1257/jep.31.4.23",1
"1861","10.1257/jep.31.4.51",1
"1862","10.1257/jep.31.4.73",1
"1863","10.1257/jep.32.1.179",1
"1864","10.1257/jep.32.1.59",1
"1865","10.1257/jep.32.1.97",1
"1866","10.1257/jep.32.2.155",1
"1867","10.1257/jep.32.2.173",1
"1868","10.1257/jep.32.2.3",1
"1869","10.1257/jep.32.2.47",1
"1870","10.1257/jep.32.3.113",1
"1871","10.1257/jep.32.3.167",1
"1872","10.1257/jep.32.3.239",1
"1873","10.1257/jep.32.3.259",1
"1874","10.1257/jep.32.3.31",1
"1875","10.1257/jep.32.4.121",1
"1876","10.1257/jep.32.4.201",1
"1877","10.1257/jep.32.4.53",1
"1878","10.1257/jep.33.1.107",1
"1879","10.1257/jep.33.1.131",1
"1880","10.1257/jep.33.1.23",1
"1881","10.1257/jep.33.1.3",1
"1882","10.1257/jep.33.2.115",1
"1883","10.1257/jep.33.2.141",1
"1884","10.1257/jep.33.2.191",1
"1885","10.1257/jep.33.2.3",1
"1886","10.1257/jep.33.2.51",1
"1887","10.1257/jep.33.2.71",1
"1888","10.1257/jep.33.2.89",1
"1889","10.1257/mac.1.1.111",1
"1890","10.1257/mac.1.1.178",1
"1891","10.1257/mac.1.1.242",1
"1892","10.1257/mac.1.1.26",1
"1893","10.1257/mac.1.1.280",1
"1894","10.1257/mac.1.1.58",1
"1895","10.1257/mac.1.1.84",1
"1896","10.1257/mac.1.2.1",1
"1897","10.1257/mac.1.2.127",1
"1898","10.1257/mac.1.2.189",1
"1899","10.1257/mac.1.2.225",1
"1900","10.1257/mac.1.2.55",1
"1901","10.1257/mac.1.2.88",1
"1902","10.1257/mac.2.1.207",1
"1903","10.1257/mac.2.1.224",1
"1904","10.1257/mac.2.2.1",1
"1905","10.1257/mac.2.2.125",1
"1906","10.1257/mac.2.2.194",1
"1907","10.1257/mac.2.2.227",1
"1908","10.1257/mac.2.2.31",1
"1909","10.1257/mac.2.2.57",1
"1910","10.1257/mac.2.2.95",1
"1911","10.1257/mac.2.3.128",1
"1912","10.1257/mac.2.3.158",1
"1913","10.1257/mac.2.3.206",1
"1914","10.1257/mac.2.3.31",1
"1915","10.1257/mac.2.3.65",1
"1916","10.1257/mac.2.3.98",1
"1917","10.1257/mac.2.4.1",1
"1918","10.1257/mac.2.4.124",1
"1919","10.1257/mac.2.4.158",1
"1920","10.1257/mac.2.4.195",1
"1921","10.1257/mac.2.4.222",1
"1922","10.1257/mac.20110110",1
"1923","10.1257/mac.20110130",1
"1924","10.1257/mac.20120008",1
"1925","10.1257/mac.20120103",1
"1926","10.1257/mac.20120141",1
"1927","10.1257/mac.20120222",1
"1928","10.1257/mac.20130014",1
"1929","10.1257/mac.20130028",1
"1930","10.1257/mac.20130041",1
"1931","10.1257/mac.20130069",1
"1932","10.1257/mac.20130098",1
"1933","10.1257/mac.20130170",1
"1934","10.1257/mac.20130190",1
"1935","10.1257/mac.20130234",1
"1936","10.1257/mac.20130237",1
"1937","10.1257/mac.20130255",1
"1938","10.1257/mac.20130265",1
"1939","10.1257/mac.20130302",1
"1940","10.1257/mac.20130306",1
"1941","10.1257/mac.20130324",1
"1942","10.1257/mac.20130329",1
"1943","10.1257/mac.20140002",1
"1944","10.1257/mac.20140003",1
"1945","10.1257/mac.20140016",1
"1946","10.1257/mac.20140032",1
"1947","10.1257/mac.20140033",1
"1948","10.1257/mac.20140043",1
"1949","10.1257/mac.20140084",1
"1950","10.1257/mac.20140093",1
"1951","10.1257/mac.20140095",1
"1952","10.1257/mac.20140103",1
"1953","10.1257/mac.20140104",1
"1954","10.1257/mac.20140139",1
"1955","10.1257/mac.20140147",1
"1956","10.1257/mac.20140171",1
"1957","10.1257/mac.20140233",1
"1958","10.1257/mac.20140260",1
"1959","10.1257/mac.20140302",1
"1960","10.1257/mac.20140348",1
"1961","10.1257/mac.20140362",1
"1962","10.1257/mac.20150016",1
"1963","10.1257/mac.20150029",1
"1964","10.1257/mac.20150040",1
"1965","10.1257/mac.20150051",1
"1966","10.1257/mac.20150074",1
"1967","10.1257/mac.20150093",1
"1968","10.1257/mac.20150109",1
"1969","10.1257/mac.20150117",1
"1970","10.1257/mac.20150147",1
"1971","10.1257/mac.20150153",1
"1972","10.1257/mac.20150155",1
"1973","10.1257/mac.20150171",1
"1974","10.1257/mac.20150216",1
"1975","10.1257/mac.20150218",1
"1976","10.1257/mac.20150219",1
"1977","10.1257/mac.20150220",1
"1978","10.1257/mac.20150293",1
"1979","10.1257/mac.20150317",1
"1980","10.1257/mac.20150359",1
"1981","10.1257/mac.20150379",1
"1982","10.1257/mac.20160065",1
"1983","10.1257/mac.20160078",1
"1984","10.1257/mac.20160118",1
"1985","10.1257/mac.20160120",1
"1986","10.1257/mac.20160213",1
"1987","10.1257/mac.20160255",1
"1988","10.1257/mac.20160327",1
"1989","10.1257/mac.20160400",1
"1990","10.1257/mac.20160403",1
"1991","10.1257/mac.20160405",1
"1992","10.1257/mac.20170162",1
"1993","10.1257/mac.20170367",1
"1994","10.1257/mac.20170381",1
"1995","10.1257/mac.20170388",1
"1996","10.1257/mac.3.1.155",1
"1997","10.1257/mac.3.1.184",1
"1998","10.1257/mac.3.1.36",1
"1999","10.1257/mac.3.2.1",1
"2000","10.1257/mac.3.2.130",1
"2001","10.1257/mac.3.2.189",1
"2002","10.1257/mac.3.2.218",1
"2003","10.1257/mac.3.2.246",1
"2004","10.1257/mac.3.2.29",1
"2005","10.1257/mac.3.2.75",1
"2006","10.1257/mac.3.3.1",1
"2007","10.1257/mac.3.3.127",1
"2008","10.1257/mac.3.3.192",1
"2009","10.1257/mac.3.3.29",1
"2010","10.1257/mac.3.3.92",1
"2011","10.1257/mac.3.4.1",1
"2012","10.1257/mac.3.4.112",1
"2013","10.1257/mac.3.4.143",1
"2014","10.1257/mac.3.4.27",1
"2015","10.1257/mac.3.4.53",1
"2016","10.1257/mac.3.4.85",1
"2017","10.1257/mac.4.1.105",1
"2018","10.1257/mac.4.1.144",1
"2019","10.1257/mac.4.1.190",1
"2020","10.1257/mac.4.1.226",1
"2021","10.1257/mac.4.1.69",1
"2022","10.1257/mac.4.2.1",1
"2023","10.1257/mac.4.2.102",1
"2024","10.1257/mac.4.2.133",1
"2025","10.1257/mac.4.2.153",1
"2026","10.1257/mac.4.2.218",1
"2027","10.1257/mac.4.2.33",1
"2028","10.1257/mac.4.2.65",1
"2029","10.1257/mac.4.3.1",1
"2030","10.1257/mac.4.3.184",1
"2031","10.1257/mac.4.3.33",1
"2032","10.1257/mac.4.3.66",1
"2033","10.1257/mac.4.3.96",1
"2034","10.1257/mac.4.4.56",1
"2035","10.1257/mac.4.4.68",1
"2036","10.1257/mac.5.1.1",1
"2037","10.1257/mac.5.1.102",1
"2038","10.1257/mac.5.1.135",1
"2039","10.1257/mac.5.1.168",1
"2040","10.1257/mac.5.1.193",1
"2041","10.1257/mac.5.1.49",1
"2042","10.1257/mac.5.1.81",1
"2043","10.1257/mac.5.2.1",1
"2044","10.1257/mac.5.2.152",1
"2045","10.1257/mac.5.2.217",1
"2046","10.1257/mac.5.2.32",1
"2047","10.1257/mac.5.3.1",1
"2048","10.1257/mac.5.3.118",1
"2049","10.1257/mac.5.3.152",1
"2050","10.1257/mac.5.3.190",1
"2051","10.1257/mac.5.3.229",1
"2052","10.1257/mac.5.3.85",1
"2053","10.1257/mac.5.4.1",1
"2054","10.1257/mac.5.4.141",1
"2055","10.1257/mac.5.4.179",1
"2056","10.1257/mac.5.4.205",1
"2057","10.1257/mac.5.4.29",1
"2058","10.1257/mac.6.1.1",1
"2059","10.1257/mac.6.1.102",1
"2060","10.1257/mac.6.1.190",1
"2061","10.1257/mac.6.1.32",1
"2062","10.1257/mac.6.2.1",1
"2063","10.1257/mac.6.2.156",1
"2064","10.1257/mac.6.2.207",1
"2065","10.1257/mac.6.2.29",1
"2066","10.1257/mac.6.2.71",1
"2067","10.1257/mac.6.3.1",1
"2068","10.1257/mac.6.3.124",1
"2069","10.1257/mac.6.3.153",1
"2070","10.1257/mac.6.4.1",1
"2071","10.1257/mac.6.4.137",1
"2072","10.1257/mac.6.4.170",1
"2073","10.1257/mac.6.4.246",1
"2074","10.1257/mac.6.4.291",1
"2075","10.1257/mic.1.1.151",1
"2076","10.1257/mic.1.1.207",1
"2077","10.1257/mic.1.1.237",1
"2078","10.1257/mic.1.2.114",1
"2079","10.1257/mic.1.2.199",1
"2080","10.1257/mic.2.1.39",1
"2081","10.1257/mic.2.3.186",1
"2082","10.1257/mic.2.4.195",1
"2083","10.1257/mic.2.4.221",1
"2084","10.1257/mic.20120085",1
"2085","10.1257/mic.20130046",1
"2086","10.1257/mic.20130104",1
"2087","10.1257/mic.20130126",1
"2088","10.1257/mic.20130150",1
"2089","10.1257/mic.20130163",1
"2090","10.1257/mic.20130164",1
"2091","10.1257/mic.20130182",1
"2092","10.1257/mic.20130196",1
"2093","10.1257/mic.20130274",1
"2094","10.1257/mic.20140008",1
"2095","10.1257/mic.20140015",1
"2096","10.1257/mic.20140068",1
"2097","10.1257/mic.20140145",1
"2098","10.1257/mic.20140147",1
"2099","10.1257/mic.20140200",1
"2100","10.1257/mic.20140240",1
"2101","10.1257/mic.20150126",1
"2102","10.1257/mic.20150172",1
"2103","10.1257/mic.20150178",1
"2104","10.1257/mic.20150201",1
"2105","10.1257/mic.20150237",1
"2106","10.1257/mic.20150240",1
"2107","10.1257/mic.20150272",1
"2108","10.1257/mic.20150295",1
"2109","10.1257/mic.20160040",1
"2110","10.1257/mic.20160046",1
"2111","10.1257/mic.20160124",1
"2112","10.1257/mic.20160125",1
"2113","10.1257/mic.20160141",1
"2114","10.1257/mic.20160218",1
"2115","10.1257/mic.20160252",1
"2116","10.1257/mic.20160309",1
"2117","10.1257/mic.20160326",1
"2118","10.1257/mic.20160336",1
"2119","10.1257/mic.20170110",1
"2120","10.1257/mic.20170119",1
"2121","10.1257/mic.20170271",1
"2122","10.1257/mic.20170280",1
"2123","10.1257/mic.3.1.280",1
"2124","10.1257/mic.3.2.114",1
"2125","10.1257/mic.3.2.60",1
"2126","10.1257/mic.3.3.100",1
"2127","10.1257/mic.3.3.164",1
"2128","10.1257/mic.3.3.193",1
"2129","10.1257/mic.3.3.69",1
"2130","10.1257/mic.3.3.86",1
"2131","10.1257/mic.3.4.35",1
"2132","10.1257/mic.3.4.68",1
"2133","10.1257/mic.3.4.77",1
"2134","10.1257/mic.4.1.1",1
"2135","10.1257/mic.4.1.101",1
"2136","10.1257/mic.4.1.116",1
"2137","10.1257/mic.4.1.209",1
"2138","10.1257/mic.4.2.1",1
"2139","10.1257/mic.4.2.131",1
"2140","10.1257/mic.4.2.77",1
"2141","10.1257/mic.4.3.152",1
"2142","10.1257/mic.4.4.145",1
"2143","10.1257/mic.4.4.35",1
"2144","10.1257/mic.5.1.1",1
"2145","10.1257/mic.5.1.35",1
"2146","10.1257/mic.5.2.135",1
"2147","10.1257/mic.5.3.1",1
"2148","10.1257/mic.5.3.124",1
"2149","10.1257/mic.5.4.142",1
"2150","10.1257/mic.5.4.163",1
"2151","10.1257/mic.6.1.182",1
"2152","10.1257/mic.6.1.290",1
"2153","10.1257/mic.6.1.91",1
"2154","10.1257/mic.6.2.247",1
"2155","10.1257/mic.6.2.93",1
"2156","10.1257/mic.6.3.256",1
"2157","10.1257/mic.6.4.106",1
"2158","10.1257/mic.6.4.138",1
"2159","10.1257/mic.6.4.180",1
"2160","10.1257/mic.6.4.326",1
"2161","10.1257/pandp.20181001",1
"2162","10.1257/pandp.20181004",1
"2163","10.1257/pandp.20181005",1
"2164","10.1257/pandp.20181006",1
"2165","10.1257/pandp.20181010",1
"2166","10.1257/pandp.20181011",1
"2167","10.1257/pandp.20181018",1
"2168","10.1257/pandp.20181019",1
"2169","10.1257/pandp.20181021",1
"2170","10.1257/pandp.20181023",1
"2171","10.1257/pandp.20181025",1
"2172","10.1257/pandp.20181026",1
"2173","10.1257/pandp.20181027",1
"2174","10.1257/pandp.20181032",1
"2175","10.1257/pandp.20181035",1
"2176","10.1257/pandp.20181037",1
"2177","10.1257/pandp.20181038",1
"2178","10.1257/pandp.20181039",1
"2179","10.1257/pandp.20181045",1
"2180","10.1257/pandp.20181046",1
"2181","10.1257/pandp.20181047",1
"2182","10.1257/pandp.20181050",1
"2183","10.1257/pandp.20181051",1
"2184","10.1257/pandp.20181052",1
"2185","10.1257/pandp.20181053",1
"2186","10.1257/pandp.20181055",1
"2187","10.1257/pandp.20181056",1
"2188","10.1257/pandp.20181057",1
"2189","10.1257/pandp.20181059",1
"2190","10.1257/pandp.20181061",1
"2191","10.1257/pandp.20181064",1
"2192","10.1257/pandp.20181065",1
"2193","10.1257/pandp.20181067",1
"2194","10.1257/pandp.20181068",1
"2195","10.1257/pandp.20181069",1
"2196","10.1257/pandp.20181071",1
"2197","10.1257/pandp.20181072",1
"2198","10.1257/pandp.20181074",1
"2199","10.1257/pandp.20181079",1
"2200","10.1257/pandp.20181082",1
"2201","10.1257/pandp.20181083",1
"2202","10.1257/pandp.20181085",1
"2203","10.1257/pandp.20181086",1
"2204","10.1257/pandp.20181087",1
"2205","10.1257/pandp.20181089",1
"2206","10.1257/pandp.20181091",1
"2207","10.1257/pandp.20181092",1
"2208","10.1257/pandp.20181094",1
"2209","10.1257/pandp.20181098",1
"2210","10.1257/pandp.20181099",1
"2211","10.1257/pandp.20181104",1
"2212","10.1257/pandp.20181105",1
"2213","10.1257/pandp.20181106",1
"2214","10.1257/pandp.20181107",1
"2215","10.1257/pandp.20181108",1
"2216","10.1257/pandp.20181109",1
"2217","10.1257/pandp.20181110",1
"2218","10.1257/pandp.20181111",1
"2219","10.1257/pandp.20181113",1
"2220","10.1257/pandp.20181114",1
"2221","10.1257/pandp.20181118",1
"2222","10.1257/pandp.20181119",1
"2223","10.1257/pandp.20181120",1
"2224","10.1257/pandp.20181121",1
"2225","10.1257/pandp.20191000",1
"2226","10.1257/pandp.20191007",1
"2227","10.1257/pandp.20191008",1
"2228","10.1257/pandp.20191010",1
"2229","10.1257/pandp.20191013",1
"2230","10.1257/pandp.20191015",1
"2231","10.1257/pandp.20191019",1
"2232","10.1257/pandp.20191022",1
"2233","10.1257/pandp.20191023",1
"2234","10.1257/pandp.20191028",1
"2235","10.1257/pandp.20191029",1
"2236","10.1257/pandp.20191040",1
"2237","10.1257/pandp.20191043",1
"2238","10.1257/pandp.20191044",1
"2239","10.1257/pandp.20191046",1
"2240","10.1257/pandp.20191051",1
"2241","10.1257/pandp.20191054",1
"2242","10.1257/pandp.20191055",1
"2243","10.1257/pandp.20191063",1
"2244","10.1257/pandp.20191072",1
"2245","10.1257/pandp.20191077",1
"2246","10.1257/pandp.20191078",1
"2247","10.1257/pandp.20191079",1
"2248","10.1257/pandp.20191085",1
"2249","10.1257/pandp.20191086",1
"2250","10.1257/pandp.20191088",1
"2251","10.1257/pandp.20191089",1
"2252","10.1257/pandp.20191090",1
"2253","10.1257/pandp.20191092",1
"2254","10.1257/pandp.20191093",1
"2255","10.1257/pol.1.1.106",1
"2256","10.1257/pol.1.1.147",1
"2257","10.1257/pol.1.1.181",1
"2258","10.1257/pol.1.1.229",1
"2259","10.1257/pol.1.1.258",1
"2260","10.1257/pol.1.1.52",1
"2261","10.1257/pol.1.1.75",1
"2262","10.1257/pol.1.2.1",1
"2263","10.1257/pol.1.2.113",1
"2264","10.1257/pol.1.2.138",1
"2265","10.1257/pol.1.2.190",1
"2266","10.1257/pol.1.2.53",1
"2267","10.1257/pol.1.2.72",1
"2268","10.1257/pol.2.1.1",1
"2269","10.1257/pol.2.1.103",1
"2270","10.1257/pol.2.1.131",1
"2271","10.1257/pol.2.1.155",1
"2272","10.1257/pol.2.1.177",1
"2273","10.1257/pol.2.1.51",1
"2274","10.1257/pol.2.2.1",1
"2275","10.1257/pol.2.2.142",1
"2276","10.1257/pol.2.2.163",1
"2277","10.1257/pol.2.2.185",1
"2278","10.1257/pol.2.2.28",1
"2279","10.1257/pol.2.2.61",1
"2280","10.1257/pol.2.2.85",1
"2281","10.1257/pol.2.3.111",1
"2282","10.1257/pol.2.3.134",1
"2283","10.1257/pol.2.3.154",1
"2284","10.1257/pol.2.3.180",1
"2285","10.1257/pol.2.3.32",1
"2286","10.1257/pol.2.3.64",1
"2287","10.1257/pol.2.3.90",1
"2288","10.1257/pol.2.4.1",1
"2289","10.1257/pol.2.4.119",1
"2290","10.1257/pol.2.4.173",1
"2291","10.1257/pol.2.4.26",1
"2292","10.1257/pol.2.4.58",1
"2293","10.1257/pol.2.4.83",1
"2294","10.1257/pol.20110309",1
"2295","10.1257/pol.20120017",1
"2296","10.1257/pol.20120081",1
"2297","10.1257/pol.20120137",1
"2298","10.1257/pol.20120179",1
"2299","10.1257/pol.20120218",1
"2300","10.1257/pol.20120219",1
"2301","10.1257/pol.20120245",1
"2302","10.1257/pol.20120256",1
"2303","10.1257/pol.20120262",1
"2304","10.1257/pol.20120298",1
"2305","10.1257/pol.20120312",1
"2306","10.1257/pol.20120337",1
"2307","10.1257/pol.20120383",1
"2308","10.1257/pol.20120393",1
"2309","10.1257/pol.20130009",1
"2310","10.1257/pol.20130012",1
"2311","10.1257/pol.20130020",1
"2312","10.1257/pol.20130057",1
"2313","10.1257/pol.20130064",1
"2314","10.1257/pol.20130071",1
"2315","10.1257/pol.20130077",1
"2316","10.1257/pol.20130081",1
"2317","10.1257/pol.20130101",1
"2318","10.1257/pol.20130139",1
"2319","10.1257/pol.20130211",1
"2320","10.1257/pol.20130223",1
"2321","10.1257/pol.20130225",1
"2322","10.1257/pol.20130243",1
"2323","10.1257/pol.20130248",1
"2324","10.1257/pol.20130271",1
"2325","10.1257/pol.20130290",1
"2326","10.1257/pol.20130315",1
"2327","10.1257/pol.20130318",1
"2328","10.1257/pol.20130351",1
"2329","10.1257/pol.20130367",1
"2330","10.1257/pol.20130370",1
"2331","10.1257/pol.20130397",1
"2332","10.1257/pol.20130407",1
"2333","10.1257/pol.20130426",1
"2334","10.1257/pol.20130429",1
"2335","10.1257/pol.20140008",1
"2336","10.1257/pol.20140016",1
"2337","10.1257/pol.20140048",1
"2338","10.1257/pol.20140050",1
"2339","10.1257/pol.20140062",1
"2340","10.1257/pol.20140065",1
"2341","10.1257/pol.20140068",1
"2342","10.1257/pol.20140087",1
"2343","10.1257/pol.20140093",1
"2344","10.1257/pol.20140160",1
"2345","10.1257/pol.20140171",1
"2346","10.1257/pol.20140188",1
"2347","10.1257/pol.20140193",1
"2348","10.1257/pol.20140215",1
"2349","10.1257/pol.20140224",1
"2350","10.1257/pol.20140233",1
"2351","10.1257/pol.20140258",1
"2352","10.1257/pol.20140271",1
"2353","10.1257/pol.20140293",1
"2354","10.1257/pol.20140296",1
"2355","10.1257/pol.20140334",1
"2356","10.1257/pol.20140335",1
"2357","10.1257/pol.20140344",1
"2358","10.1257/pol.20140371",1
"2359","10.1257/pol.20140383",1
"2360","10.1257/pol.20140391",1
"2361","10.1257/pol.20140483",1
"2362","10.1257/pol.20150029",1
"2363","10.1257/pol.20150059",1
"2364","10.1257/pol.20150066",1
"2365","10.1257/pol.20150074",1
"2366","10.1257/pol.20150079",1
"2367","10.1257/pol.20150083",1
"2368","10.1257/pol.20150085",1
"2369","10.1257/pol.20150100",1
"2370","10.1257/pol.20150116",1
"2371","10.1257/pol.20150124",1
"2372","10.1257/pol.20150131",1
"2373","10.1257/pol.20150145",1
"2374","10.1257/pol.20150150",1
"2375","10.1257/pol.20150161",1
"2376","10.1257/pol.20150165",1
"2377","10.1257/pol.20150176",1
"2378","10.1257/pol.20150206",1
"2379","10.1257/pol.20150249",1
"2380","10.1257/pol.20150261",1
"2381","10.1257/pol.20150262",1
"2382","10.1257/pol.20150268",1
"2383","10.1257/pol.20150271",1
"2384","10.1257/pol.20150290",1
"2385","10.1257/pol.20150320",1
"2386","10.1257/pol.20150321",1
"2387","10.1257/pol.20150362",1
"2388","10.1257/pol.20150374",1
"2389","10.1257/pol.20150378",1
"2390","10.1257/pol.20150388",1
"2391","10.1257/pol.20150394",1
"2392","10.1257/pol.20150402",1
"2393","10.1257/pol.20150410",1
"2394","10.1257/pol.20150414",1
"2395","10.1257/pol.20150426",1
"2396","10.1257/pol.20150437",1
"2397","10.1257/pol.20150478",1
"2398","10.1257/pol.20150486",1
"2399","10.1257/pol.20150498",1
"2400","10.1257/pol.20150511",1
"2401","10.1257/pol.20150525",1
"2402","10.1257/pol.20150551",1
"2403","10.1257/pol.20150573",1
"2404","10.1257/pol.20150578",1
"2405","10.1257/pol.20150588",1
"2406","10.1257/pol.20160027",1
"2407","10.1257/pol.20160038",1
"2408","10.1257/pol.20160039",1
"2409","10.1257/pol.20160068",1
"2410","10.1257/pol.20160093",1
"2411","10.1257/pol.20160094",1
"2412","10.1257/pol.20160132",1
"2413","10.1257/pol.20160229",1
"2414","10.1257/pol.20160240",1
"2415","10.1257/pol.20160248",1
"2416","10.1257/pol.20160319",1
"2417","10.1257/pol.20160365",1
"2418","10.1257/pol.20160395",1
"2419","10.1257/pol.20160465",1
"2420","10.1257/pol.20160514",1
"2421","10.1257/pol.20160570",1
"2422","10.1257/pol.20160573",1
"2423","10.1257/pol.20160600",1
"2424","10.1257/pol.20160605",1
"2425","10.1257/pol.20160618",1
"2426","10.1257/pol.20170001",1
"2427","10.1257/pol.20170019",1
"2428","10.1257/pol.20170045",1
"2429","10.1257/pol.20170046",1
"2430","10.1257/pol.20170067",1
"2431","10.1257/pol.20170082",1
"2432","10.1257/pol.20170108",1
"2433","10.1257/pol.20170151",1
"2434","10.1257/pol.20170211",1
"2435","10.1257/pol.20170214",1
"2436","10.1257/pol.20170329",1
"2437","10.1257/pol.20170403",1
"2438","10.1257/pol.20170466",1
"2439","10.1257/pol.20170490",1
"2440","10.1257/pol.20170504",1
"2441","10.1257/pol.20170641",1
"2442","10.1257/pol.3.1.129",1
"2443","10.1257/pol.3.1.157",1
"2444","10.1257/pol.3.1.25",1
"2445","10.1257/pol.3.2.130",1
"2446","10.1257/pol.3.2.169",1
"2447","10.1257/pol.3.2.189",1
"2448","10.1257/pol.3.2.41",1
"2449","10.1257/pol.3.2.66",1
"2450","10.1257/pol.3.2.97",1
"2451","10.1257/pol.3.3.1",1
"2452","10.1257/pol.3.3.144",1
"2453","10.1257/pol.3.3.175",1
"2454","10.1257/pol.3.3.206",1
"2455","10.1257/pol.3.3.35",1
"2456","10.1257/pol.3.3.62",1
"2457","10.1257/pol.3.3.82",1
"2458","10.1257/pol.3.4.148",1
"2459","10.1257/pol.3.4.25",1
"2460","10.1257/pol.4.1.127",1
"2461","10.1257/pol.4.1.186",1
"2462","10.1257/pol.4.1.224",1
"2463","10.1257/pol.4.1.28",1
"2464","10.1257/pol.4.1.58",1
"2465","10.1257/pol.4.1.98",1
"2466","10.1257/pol.4.2.115",1
"2467","10.1257/pol.4.2.145",1
"2468","10.1257/pol.4.2.182",1
"2469","10.1257/pol.4.2.28",1
"2470","10.1257/pol.4.2.46",1
"2471","10.1257/pol.4.2.69",1
"2472","10.1257/pol.4.2.95",1
"2473","10.1257/pol.4.3.1",1
"2474","10.1257/pol.4.3.118",1
"2475","10.1257/pol.4.3.146",1
"2476","10.1257/pol.4.3.190",1
"2477","10.1257/pol.4.3.216",1
"2478","10.1257/pol.4.3.251",1
"2479","10.1257/pol.4.3.30",1
"2480","10.1257/pol.4.3.91",1
"2481","10.1257/pol.4.4.1",1
"2482","10.1257/pol.4.4.100",1
"2483","10.1257/pol.4.4.146",1
"2484","10.1257/pol.4.4.169",1
"2485","10.1257/pol.4.4.199",1
"2486","10.1257/pol.4.4.230",1
"2487","10.1257/pol.4.4.253",1
"2488","10.1257/pol.4.4.68",1
"2489","10.1257/pol.5.1.1",1
"2490","10.1257/pol.5.1.146",1
"2491","10.1257/pol.5.1.179",1
"2492","10.1257/pol.5.1.206",1
"2493","10.1257/pol.5.1.239",1
"2494","10.1257/pol.5.1.262",1
"2495","10.1257/pol.5.1.302",1
"2496","10.1257/pol.5.1.94",1
"2497","10.1257/pol.5.2.1",1
"2498","10.1257/pol.5.2.111",1
"2499","10.1257/pol.5.2.188",1
"2500","10.1257/pol.5.2.222",1
"2501","10.1257/pol.5.2.251",1
"2502","10.1257/pol.5.2.26",1
"2503","10.1257/pol.5.2.313",1
"2504","10.1257/pol.5.2.53",1
"2505","10.1257/pol.5.3.1",1
"2506","10.1257/pol.5.3.126",1
"2507","10.1257/pol.5.3.160",1
"2508","10.1257/pol.5.3.189",1
"2509","10.1257/pol.5.3.227",1
"2510","10.1257/pol.5.3.254",1
"2511","10.1257/pol.5.3.287",1
"2512","10.1257/pol.5.3.67",1
"2513","10.1257/pol.5.3.92",1
"2514","10.1257/pol.5.4.1",1
"2515","10.1257/pol.5.4.107",1
"2516","10.1257/pol.5.4.134",1
"2517","10.1257/pol.5.4.167",1
"2518","10.1257/pol.5.4.200",1
"2519","10.1257/pol.5.4.230",1
"2520","10.1257/pol.5.4.29",1
"2521","10.1257/pol.5.4.306",1
"2522","10.1257/pol.5.4.78",1
"2523","10.1257/pol.6.1.1",1
"2524","10.1257/pol.6.1.137",1
"2525","10.1257/pol.6.1.167",1
"2526","10.1257/pol.6.1.193",1
"2527","10.1257/pol.6.1.230",1
"2528","10.1257/pol.6.1.272",1
"2529","10.1257/pol.6.1.38",1
"2530","10.1257/pol.6.1.65",1
"2531","10.1257/pol.6.1.92",1
"2532","10.1257/pol.6.2.1",1
"2533","10.1257/pol.6.2.164",1
"2534","10.1257/pol.6.2.19",1
"2535","10.1257/pol.6.2.198",1
"2536","10.1257/pol.6.2.231",1
"2537","10.1257/pol.6.2.291",1
"2538","10.1257/pol.6.2.338",1
"2539","10.1257/pol.6.2.54",1
"2540","10.1257/pol.6.2.94",1
"2541","10.1257/pol.6.3.120",1
"2542","10.1257/pol.6.3.178",1
"2543","10.1257/pol.6.3.207",1
"2544","10.1257/pol.6.3.242",1
"2545","10.1257/pol.6.3.282",1
"2546","10.1257/pol.6.3.30",1
"2547","10.1257/pol.6.3.313",1
"2548","10.1257/pol.6.3.63",1
"2549","10.1257/pol.6.3.92",1
"2550","10.1257/pol.6.4.1",1
"2551","10.1257/pol.6.4.100",1
"2552","10.1257/pol.6.4.135",1
"2553","10.1257/pol.6.4.174",1
"2554","10.1257/pol.6.4.207",1
"2555","10.1257/pol.6.4.239",1
"2556","10.1257/pol.6.4.302",1
"2557","10.1257/pol.6.4.34",1
"2558","10.1257/pol.6.4.343",1
"2559","10.1257/pol.6.4.380",1
"2560","10.1257/pol.6.4.71",1
